freesound_id,author,licence,used_as
100018,limwei,http://creativecommons.org/licenses/by/3.0/,background
100047,soundbytez,http://creativecommons.org/licenses/by/3.0/,background
10007,batchku,http://creativecommons.org/publicdomain/zero/1.0/,background
100279,soundbytez,http://creativecommons.org/licenses/by/3.0/,background
100335,IFartInUrGeneralDirection,http://creativecommons.org/licenses/by/3.0/,background
100462,zozu,http://creativecommons.org/publicdomain/zero/1.0/,background
100634,edbles,http://creativecommons.org/licenses/by/3.0/,doorbell
100795,miastodzwiekow,http://creativecommons.org/licenses/by/3.0/,background
100886,paubg_pou,http://creativecommons.org/licenses/by/3.0/,background
100923,mo_damage,http://creativecommons.org/publicdomain/zero/1.0/,background
100930,mo_damage,http://creativecommons.org/publicdomain/zero/1.0/,background
101135,CGEffex,http://creativecommons.org/licenses/by/3.0/,background
101142,plingativator,http://creativecommons.org/licenses/by/3.0/,background
101338,rfhache,http://creativecommons.org/licenses/by/3.0/,background
101362,fons,http://creativecommons.org/publicdomain/zero/1.0/,background
10163,batchku,http://creativecommons.org/publicdomain/zero/1.0/,background
101697,gunnbladez,http://creativecommons.org/licenses/by/3.0/,background
10180,batchku,http://creativecommons.org/publicdomain/zero/1.0/,background
10186,batchku,http://creativecommons.org/publicdomain/zero/1.0/,background
101900,RytmenPinnen,http://creativecommons.org/publicdomain/zero/1.0/,background
101902,RytmenPinnen,http://creativecommons.org/publicdomain/zero/1.0/,background
10191,batchku,http://creativecommons.org/publicdomain/zero/1.0/,background
102389,sandyrb,http://creativecommons.org/licenses/by/3.0/,background
102434,Regenpak,http://creativecommons.org/publicdomain/zero/1.0/,background
102435,tuberatanka,http://creativecommons.org/publicdomain/zero/1.0/,background
102841,dobroide,http://creativecommons.org/licenses/by/3.0/,background
103025,DjangoAltona,http://creativecommons.org/publicdomain/zero/1.0/,background
103110,jeo,http://creativecommons.org/licenses/by/3.0/,background
103410,confusion_music,http://creativecommons.org/licenses/by/3.0/,background
103431,confusion_music,http://creativecommons.org/licenses/by/3.0/,background
103434,confusion_music,http://creativecommons.org/licenses/by/3.0/,background
10350,batchku,http://creativecommons.org/publicdomain/zero/1.0/,background
10360,batchku,http://creativecommons.org/publicdomain/zero/1.0/,background
103630,Benboncan,http://creativecommons.org/licenses/by/3.0/,background
103637,Hippy664,http://creativecommons.org/publicdomain/zero/1.0/,background
103995,RutgerMuller,http://creativecommons.org/publicdomain/zero/1.0/,knock
103998,RutgerMuller,http://creativecommons.org/publicdomain/zero/1.0/,knock
103999,RutgerMuller,http://creativecommons.org/publicdomain/zero/1.0/,knock
104000,RutgerMuller,http://creativecommons.org/publicdomain/zero/1.0/,knock
104001,RutgerMuller,http://creativecommons.org/publicdomain/zero/1.0/,knock
104002,RutgerMuller,http://creativecommons.org/publicdomain/zero/1.0/,knock
104031,RutgerMuller,http://creativecommons.org/publicdomain/zero/1.0/,background
10419,batchku,http://creativecommons.org/publicdomain/zero/1.0/,background
10461,batchku,http://creativecommons.org/publicdomain/zero/1.0/,background
104797,notKlaatu,http://creativecommons.org/licenses/by/3.0/,background
105068,mbezzola,http://creativecommons.org/publicdomain/zero/1.0/,background
10546,batchku,http://creativecommons.org/publicdomain/zero/1.0/,background
106071,NoiseCollector,http://creativecommons.org/licenses/by/3.0/,background
106439,Corsica_S,http://creativecommons.org/licenses/by/3.0/,background
106754,gunnbladez,http://creativecommons.org/licenses/by/3.0/,background
107099,Corsica_S,http://creativecommons.org/licenses/by/3.0/,background
107123,tagirov,http://creativecommons.org/licenses/by/3.0/,background
107321,menegass,http://creativecommons.org/publicdomain/zero/1.0/,background
107351,ermfilm,http://creativecommons.org/licenses/by/3.0/,baby_crying
107452,NoiseCollector,http://creativecommons.org/licenses/by/3.0/,background
107459,NoiseCollector,http://creativecommons.org/licenses/by/3.0/,background
107502,NoiseCollector,http://creativecommons.org/licenses/by/3.0/,background
107539,Corsica_S,http://creativecommons.org/licenses/by/3.0/,background
10760,batchku,http://creativecommons.org/publicdomain/zero/1.0/,background
108739,csengeri,http://creativecommons.org/licenses/by/3.0/,background
108889,Corsica_S,http://creativecommons.org/licenses/by/3.0/,background
109192,Ryding,http://creativecommons.org/publicdomain/zero/1.0/,background
109553,vinjatovix,http://creativecommons.org/licenses/by/3.0/,background
109578,vinjatovix,http://creativecommons.org/licenses/by/3.0/,background
109616,vinjatovix,http://creativecommons.org/licenses/by/3.0/,background
109742,SoundCollectah,http://creativecommons.org/publicdomain/zero/1.0/,background
109859,Corsica_S,http://creativecommons.org/licenses/by/3.0/,background
109871,Corsica_S,http://creativecommons.org/licenses/by/3.0/,background
109918,Corsica_S,http://creativecommons.org/licenses/by/3.0/,background
110045,sandyrb,http://creativecommons.org/licenses/by/3.0/,background
110047,sandyrb,http://creativecommons.org/licenses/by/3.0/,background
110135,Ryding,http://creativecommons.org/publicdomain/zero/1.0/,background
110165,2887679652,http://creativecommons.org/publicdomain/zero/1.0/,doorbell
110403,sandyrb,http://creativecommons.org/licenses/by/3.0/,background
110406,sandyrb,http://creativecommons.org/licenses/by/3.0/,background
110407,sandyrb,http://creativecommons.org/licenses/by/3.0/,background
110410,sandyrb,http://creativecommons.org/licenses/by/3.0/,background
110939,oen,http://creativecommons.org/licenses/by/3.0/,background
111109,Dymewiz,http://creativecommons.org/licenses/by/3.0/,background
111115,Dymewiz,http://creativecommons.org/licenses/by/3.0/,background
111169,NoiseCollector,http://creativecommons.org/licenses/by/3.0/,background
112266,edbles,http://creativecommons.org/licenses/by/3.0/,background
112270,edbles,http://creativecommons.org/licenses/by/3.0/,background
112559,aguasonic,http://creativecommons.org/licenses/by/3.0/,background
113131,jasinski,http://creativecommons.org/publicdomain/zero/1.0/,knock
113138,jasinski,http://creativecommons.org/publicdomain/zero/1.0/,knock
113239,NoiseCollector,http://creativecommons.org/licenses/by/3.0/,background
113329,NoiseCollector,http://creativecommons.org/licenses/by/3.0/,background
113331,NoiseCollector,http://creativecommons.org/licenses/by/3.0/,background
114041,EdgardEdition,http://creativecommons.org/licenses/by/3.0/,knock
114042,EdgardEdition,http://creativecommons.org/licenses/by/3.0/,knock
114188,EdgardEdition,http://creativecommons.org/licenses/by/3.0/,background
114242,jcbatz,http://creativecommons.org/licenses/by/3.0/,background
114374,b.ploetzeneder,http://creativecommons.org/publicdomain/zero/1.0/,background
114445,soundbytez,http://creativecommons.org/licenses/by/3.0/,background
115738,mpfeiffer,http://creativecommons.org/publicdomain/zero/1.0/,background
11585,samplecat,http://creativecommons.org/publicdomain/zero/1.0/,background
115916,issalcake,http://creativecommons.org/publicdomain/zero/1.0/,glass_breaking
115922,issalcake,http://creativecommons.org/publicdomain/zero/1.0/,glass_breaking
116357,atonia,http://creativecommons.org/publicdomain/zero/1.0/,background
116365,atonia,http://creativecommons.org/publicdomain/zero/1.0/,background
116756,1jmorrisoncafe291,http://creativecommons.org/licenses/by/3.0/,background
116886,CBeeching,http://creativecommons.org/publicdomain/zero/1.0/,background
116901,CBeeching,http://creativecommons.org/publicdomain/zero/1.0/,background
116922,CBeeching,http://creativecommons.org/publicdomain/zero/1.0/,background
116927,CBeeching,http://creativecommons.org/publicdomain/zero/1.0/,background
116930,CBeeching,http://creativecommons.org/publicdomain/zero/1.0/,background
116933,CBeeching,http://creativecommons.org/publicdomain/zero/1.0/,background
116976,CBeeching,http://creativecommons.org/publicdomain/zero/1.0/,background
116985,CBeeching,http://creativecommons.org/publicdomain/zero/1.0/,background
117070,miastodzwiekow,http://creativecommons.org/licenses/by/3.0/,background
11728,mich3d,http://creativecommons.org/licenses/by/3.0/,background
117561,mojomills,http://creativecommons.org/publicdomain/zero/1.0/,background
117793,gerrygregory,http://creativecommons.org/publicdomain/zero/1.0/,background
117941,pishpirika,http://creativecommons.org/licenses/by/3.0/,background
11812,SpeedY,http://creativecommons.org/publicdomain/zero/1.0/,background
118198,MegaPenguin13,http://creativecommons.org/publicdomain/zero/1.0/,glass_breaking
118199,MegaPenguin13,http://creativecommons.org/publicdomain/zero/1.0/,background
118294,crispydinner,http://creativecommons.org/licenses/by/3.0/,background
118515,thefsoundman,http://creativecommons.org/publicdomain/zero/1.0/,glass_breaking
118701,day_tripper13,http://creativecommons.org/licenses/by/3.0/,background
118744,kontest1,http://creativecommons.org/licenses/by/3.0/,background
118965,esperri,http://creativecommons.org/publicdomain/zero/1.0/,background
119141,esperri,http://creativecommons.org/publicdomain/zero/1.0/,background
11916,SpeedY,http://creativecommons.org/publicdomain/zero/1.0/,background
119185,clruwe,http://creativecommons.org/licenses/by/3.0/,background
119187,clruwe,http://creativecommons.org/licenses/by/3.0/,background
119196,clruwe,http://creativecommons.org/licenses/by/3.0/,background
119200,clruwe,http://creativecommons.org/licenses/by/3.0/,background
119203,clruwe,http://creativecommons.org/licenses/by/3.0/,background
119208,clruwe,http://creativecommons.org/licenses/by/3.0/,background
119212,clruwe,http://creativecommons.org/licenses/by/3.0/,background
119220,clruwe,http://creativecommons.org/licenses/by/3.0/,background
119221,clruwe,http://creativecommons.org/licenses/by/3.0/,background
119228,clruwe,http://creativecommons.org/licenses/by/3.0/,background
119237,clruwe,http://creativecommons.org/licenses/by/3.0/,background
119248,clruwe,http://creativecommons.org/licenses/by/3.0/,background
119253,clruwe,http://creativecommons.org/licenses/by/3.0/,background
119256,clruwe,http://creativecommons.org/licenses/by/3.0/,background
119260,clruwe,http://creativecommons.org/licenses/by/3.0/,background
119271,clruwe,http://creativecommons.org/licenses/by/3.0/,background
119279,clruwe,http://creativecommons.org/licenses/by/3.0/,background
119280,clruwe,http://creativecommons.org/licenses/by/3.0/,background
119284,clruwe,http://creativecommons.org/licenses/by/3.0/,background
119302,clruwe,http://creativecommons.org/licenses/by/3.0/,background
119330,clruwe,http://creativecommons.org/licenses/by/3.0/,background
119334,clruwe,http://creativecommons.org/licenses/by/3.0/,background
119336,clruwe,http://creativecommons.org/licenses/by/3.0/,background
119347,clruwe,http://creativecommons.org/licenses/by/3.0/,background
119350,clruwe,http://creativecommons.org/licenses/by/3.0/,background
119357,clruwe,http://creativecommons.org/licenses/by/3.0/,background
119370,clruwe,http://creativecommons.org/licenses/by/3.0/,background
119373,clruwe,http://creativecommons.org/licenses/by/3.0/,background
119397,clruwe,http://creativecommons.org/licenses/by/3.0/,background
119457,rmukx,http://creativecommons.org/publicdomain/zero/1.0/,background
11960,SpeedY,http://creativecommons.org/publicdomain/zero/1.0/,background
119674,clruwe,http://creativecommons.org/licenses/by/3.0/,background
119725,jesabat,http://creativecommons.org/licenses/by/3.0/,background
119902,ftpalad,http://creativecommons.org/publicdomain/zero/1.0/,background
119903,ftpalad,http://creativecommons.org/publicdomain/zero/1.0/,background
119904,ftpalad,http://creativecommons.org/publicdomain/zero/1.0/,background
119917,ftpalad,http://creativecommons.org/publicdomain/zero/1.0/,background
119943,ramagochi,http://creativecommons.org/licenses/by/3.0/,background
120213,sportygurl37,http://creativecommons.org/licenses/by/3.0/,background
120261,sjbcjb,http://creativecommons.org/licenses/by/3.0/,background
12030,SpeedY,http://creativecommons.org/publicdomain/zero/1.0/,background
120330,cemagar,http://creativecommons.org/licenses/by/3.0/,knock
120331,cemagar,http://creativecommons.org/licenses/by/3.0/,knock
120787,Manicciola,http://creativecommons.org/publicdomain/zero/1.0/,background
121235,irrlicht,http://creativecommons.org/licenses/by/3.0/,background
121363,mugwood,http://creativecommons.org/licenses/by/3.0/,background
121425,clruwe,http://creativecommons.org/licenses/by/3.0/,background
121431,clruwe,http://creativecommons.org/licenses/by/3.0/,background
121677,Halleck,http://creativecommons.org/licenses/by/3.0/,background
121738,Halleck,http://creativecommons.org/licenses/by/3.0/,background
121742,Halleck,http://creativecommons.org/licenses/by/3.0/,background
121888,StephenSaldanha,http://creativecommons.org/licenses/by/3.0/,background
121890,StephenSaldanha,http://creativecommons.org/licenses/by/3.0/,background
122675,acollier123,http://creativecommons.org/licenses/by/3.0/,background
122989,zimbot,http://creativecommons.org/licenses/by/3.0/,background
123022,j1987,http://creativecommons.org/publicdomain/zero/1.0/,background
123350,ivegotmono,http://creativecommons.org/publicdomain/zero/1.0/,doorbell
123679,priestjd,http://creativecommons.org/licenses/by/3.0/,background
124022,magician5,http://creativecommons.org/publicdomain/zero/1.0/,background
124194,dobroide,http://creativecommons.org/licenses/by/3.0/,background
124734,freeicecream12@gmail.com,http://creativecommons.org/publicdomain/zero/1.0/,background
124925,inchadney,http://creativecommons.org/licenses/by/3.0/,background
125178,comadjinn,http://creativecommons.org/licenses/by/3.0/,background
125271,connersaw8,http://creativecommons.org/publicdomain/zero/1.0/,background
125288,connersaw8,http://creativecommons.org/publicdomain/zero/1.0/,background
125290,connersaw8,http://creativecommons.org/publicdomain/zero/1.0/,background
125967,Ryding,http://creativecommons.org/publicdomain/zero/1.0/,doorbell
126110,CorrodedMaster,http://creativecommons.org/licenses/by/3.0/,background
126272,dobroide,http://creativecommons.org/licenses/by/3.0/,background
126465,pillonoise,http://creativecommons.org/publicdomain/zero/1.0/,glass_breaking
126877,bulbastre,http://creativecommons.org/licenses/by/3.0/,glass_breaking
126878,bulbastre,http://creativecommons.org/licenses/by/3.0/,glass_breaking
126984,bulbastre,http://creativecommons.org/licenses/by/3.0/,background
12710,WIM,http://creativecommons.org/licenses/by/3.0/,background
127114,Grigore,http://creativecommons.org/licenses/by/3.0/,background
127451,arfei,http://creativecommons.org/publicdomain/zero/1.0/,background
12753,Jovica,http://creativecommons.org/licenses/by/3.0/,background
127543,romulofs,http://creativecommons.org/publicdomain/zero/1.0/,glass_breaking
12774,Jovica,http://creativecommons.org/licenses/by/3.0/,background
127821,LexArts,http://creativecommons.org/publicdomain/zero/1.0/,background
127980,Henaway,http://creativecommons.org/publicdomain/zero/1.0/,background
128044,martats,http://creativecommons.org/licenses/by/3.0/,background
128073,be-steele,http://creativecommons.org/licenses/by/3.0/,background
128137,be-steele,http://creativecommons.org/licenses/by/3.0/,background
128316,Plexant,http://creativecommons.org/publicdomain/zero/1.0/,background
128798,mtcband,http://creativecommons.org/licenses/by/3.0/,background
128799,mtcband,http://creativecommons.org/licenses/by/3.0/,background
128800,mtcband,http://creativecommons.org/licenses/by/3.0/,background
128810,mtcband,http://creativecommons.org/licenses/by/3.0/,background
128829,mtcband,http://creativecommons.org/licenses/by/3.0/,background
128832,mtcband,http://creativecommons.org/licenses/by/3.0/,background
128837,mtcband,http://creativecommons.org/licenses/by/3.0/,background
128840,mtcband,http://creativecommons.org/licenses/by/3.0/,background
130034,MaxDemianAGL,http://creativecommons.org/licenses/by/3.0/,background
130045,MaxDemianAGL,http://creativecommons.org/licenses/by/3.0/,background
130368,jpdeglet69,http://creativecommons.org/publicdomain/zero/1.0/,background
130404,mmiron,http://creativecommons.org/publicdomain/zero/1.0/,background
130406,mmiron,http://creativecommons.org/publicdomain/zero/1.0/,background
130530,stomachache,http://creativecommons.org/publicdomain/zero/1.0/,background
130709,CommanderRobot,http://creativecommons.org/licenses/by/3.0/,background
130717,CommanderRobot,http://creativecommons.org/licenses/by/3.0/,background
130833,killerpig,http://creativecommons.org/publicdomain/zero/1.0/,background
131400,ecfike,http://creativecommons.org/publicdomain/zero/1.0/,background
132802,Nanakisan,http://creativecommons.org/licenses/by/3.0/,background
132803,Nanakisan,http://creativecommons.org/licenses/by/3.0/,background
132918,be-steele,http://creativecommons.org/licenses/by/3.0/,background
133535,samuelburt,http://creativecommons.org/publicdomain/zero/1.0/,background
13357,schluppipuppie,http://creativecommons.org/licenses/by/3.0/,background
133674,klankbeeld,http://creativecommons.org/licenses/by/3.0/,background
133851,aroth4,http://creativecommons.org/publicdomain/zero/1.0/,knock
133889,aroth4,http://creativecommons.org/publicdomain/zero/1.0/,knock
133994,davidkyoku,http://creativecommons.org/publicdomain/zero/1.0/,background
133997,davidkyoku,http://creativecommons.org/publicdomain/zero/1.0/,background
134005,davidkyoku,http://creativecommons.org/publicdomain/zero/1.0/,background
134008,davidkyoku,http://creativecommons.org/publicdomain/zero/1.0/,background
134009,davidkyoku,http://creativecommons.org/publicdomain/zero/1.0/,background
13403,uauaua,http://creativecommons.org/publicdomain/zero/1.0/,background
13407,uauaua,http://creativecommons.org/publicdomain/zero/1.0/,background
134115,quartertone,http://creativecommons.org/licenses/by/3.0/,background
13421,uauaua,http://creativecommons.org/publicdomain/zero/1.0/,background
13427,uauaua,http://creativecommons.org/publicdomain/zero/1.0/,background
13447,uauaua,http://creativecommons.org/publicdomain/zero/1.0/,background
13460,uauaua,http://creativecommons.org/publicdomain/zero/1.0/,background
13468,uauaua,http://creativecommons.org/publicdomain/zero/1.0/,background
134760,dkustic,http://creativecommons.org/publicdomain/zero/1.0/,background
13480,uauaua,http://creativecommons.org/publicdomain/zero/1.0/,background
13483,uauaua,http://creativecommons.org/publicdomain/zero/1.0/,background
135967,quartertone,http://creativecommons.org/licenses/by/3.0/,background
135974,quartertone,http://creativecommons.org/licenses/by/3.0/,background
135988,quartertone,http://creativecommons.org/licenses/by/3.0/,background
136024,quartertone,http://creativecommons.org/licenses/by/3.0/,background
136032,quartertone,http://creativecommons.org/licenses/by/3.0/,background
136048,quartertone,http://creativecommons.org/licenses/by/3.0/,background
136111,quartertone,http://creativecommons.org/licenses/by/3.0/,background
136191,quartertone,http://creativecommons.org/licenses/by/3.0/,background
136544,jmdh,http://creativecommons.org/publicdomain/zero/1.0/,knock
136949,stomachache,http://creativecommons.org/licenses/by/3.0/,background
136956,stomachache,http://creativecommons.org/licenses/by/3.0/,background
13699,harri,http://creativecommons.org/licenses/by/3.0/,background
137083,chaosportal,http://creativecommons.org/publicdomain/zero/1.0/,knock
137430,quartertone,http://creativecommons.org/licenses/by/3.0/,background
137457,quartertone,http://creativecommons.org/licenses/by/3.0/,background
137532,quartertone,http://creativecommons.org/licenses/by/3.0/,background
137579,quartertone,http://creativecommons.org/licenses/by/3.0/,background
137608,quartertone,http://creativecommons.org/licenses/by/3.0/,background
137619,quartertone,http://creativecommons.org/licenses/by/3.0/,background
137636,quartertone,http://creativecommons.org/licenses/by/3.0/,background
137675,quartertone,http://creativecommons.org/licenses/by/3.0/,background
138071,daboy291,http://creativecommons.org/publicdomain/zero/1.0/,background
138323,Tdude9000,http://creativecommons.org/licenses/by/3.0/,knock
138338,Tdude9000,http://creativecommons.org/licenses/by/3.0/,background
13843,adcbicycle,http://creativecommons.org/publicdomain/zero/1.0/,background
138465,campl,http://creativecommons.org/licenses/by/3.0/,background
13868,adcbicycle,http://creativecommons.org/publicdomain/zero/1.0/,background
138727,quartertone,http://creativecommons.org/licenses/by/3.0/,background
13874,adcbicycle,http://creativecommons.org/publicdomain/zero/1.0/,background
138743,quartertone,http://creativecommons.org/licenses/by/3.0/,background
138797,quartertone,http://creativecommons.org/licenses/by/3.0/,background
138871,quartertone,http://creativecommons.org/licenses/by/3.0/,background
138884,quartertone,http://creativecommons.org/licenses/by/3.0/,background
13889,adcbicycle,http://creativecommons.org/publicdomain/zero/1.0/,background
138907,quartertone,http://creativecommons.org/licenses/by/3.0/,background
138910,quartertone,http://creativecommons.org/licenses/by/3.0/,background
138911,quartertone,http://creativecommons.org/licenses/by/3.0/,background
138914,quartertone,http://creativecommons.org/licenses/by/3.0/,background
138928,quartertone,http://creativecommons.org/licenses/by/3.0/,background
139045,keplar,http://creativecommons.org/licenses/by/3.0/,background
139094,jinmenju,http://creativecommons.org/publicdomain/zero/1.0/,background
13954,adcbicycle,http://creativecommons.org/publicdomain/zero/1.0/,background
13984,adcbicycle,http://creativecommons.org/publicdomain/zero/1.0/,background
13986,adcbicycle,http://creativecommons.org/publicdomain/zero/1.0/,background
13990,adcbicycle,http://creativecommons.org/publicdomain/zero/1.0/,background
139972,jessepash,http://creativecommons.org/publicdomain/zero/1.0/,background
140515,stomachache,http://creativecommons.org/publicdomain/zero/1.0/,background
140526,stomachache,http://creativecommons.org/publicdomain/zero/1.0/,background
140529,stomachache,http://creativecommons.org/publicdomain/zero/1.0/,background
140531,stomachache,http://creativecommons.org/publicdomain/zero/1.0/,background
140649,quartertone,http://creativecommons.org/licenses/by/3.0/,background
14065,adcbicycle,http://creativecommons.org/publicdomain/zero/1.0/,background
140664,quartertone,http://creativecommons.org/licenses/by/3.0/,background
140667,quartertone,http://creativecommons.org/licenses/by/3.0/,background
140688,quartertone,http://creativecommons.org/licenses/by/3.0/,background
140721,j1987,http://creativecommons.org/publicdomain/zero/1.0/,background
140895,jgeralyn,http://creativecommons.org/licenses/by/3.0/,background
141014,quartertone,http://creativecommons.org/licenses/by/3.0/,background
14104,adcbicycle,http://creativecommons.org/publicdomain/zero/1.0/,background
14203,adcbicycle,http://creativecommons.org/publicdomain/zero/1.0/,background
142069,quartertone,http://creativecommons.org/licenses/by/3.0/,background
142092,quartertone,http://creativecommons.org/licenses/by/3.0/,background
142222,quartertone,http://creativecommons.org/licenses/by/3.0/,background
142468,quartertone,http://creativecommons.org/licenses/by/3.0/,background
142530,quartertone,http://creativecommons.org/licenses/by/3.0/,background
142534,quartertone,http://creativecommons.org/licenses/by/3.0/,background
142678,quartertone,http://creativecommons.org/licenses/by/3.0/,background
142766,quartertone,http://creativecommons.org/licenses/by/3.0/,background
142776,quartertone,http://creativecommons.org/licenses/by/3.0/,background
142863,quartertone,http://creativecommons.org/licenses/by/3.0/,background
142882,quartertone,http://creativecommons.org/licenses/by/3.0/,background
143006,quartertone,http://creativecommons.org/licenses/by/3.0/,background
143038,quartertone,http://creativecommons.org/licenses/by/3.0/,background
14304,TwistedLemon,http://creativecommons.org/licenses/by/3.0/,background
143140,quartertone,http://creativecommons.org/licenses/by/3.0/,background
143142,quartertone,http://creativecommons.org/licenses/by/3.0/,background
143182,quartertone,http://creativecommons.org/licenses/by/3.0/,background
143197,quartertone,http://creativecommons.org/licenses/by/3.0/,background
143247,Zabuhailo,http://creativecommons.org/publicdomain/zero/1.0/,background
143312,quartertone,http://creativecommons.org/licenses/by/3.0/,background
143332,quartertone,http://creativecommons.org/licenses/by/3.0/,background
143336,quartertone,http://creativecommons.org/licenses/by/3.0/,background
143384,quartertone,http://creativecommons.org/licenses/by/3.0/,background
143533,quartertone,http://creativecommons.org/licenses/by/3.0/,background
143562,Fight2FlyPhoto,http://creativecommons.org/licenses/by/3.0/,background
143563,Fight2FlyPhoto,http://creativecommons.org/licenses/by/3.0/,background
143589,gilly11,http://creativecommons.org/licenses/by/3.0/,background
143919,Snapalicious32,http://creativecommons.org/publicdomain/zero/1.0/,baby_crying
143949,kgarman314,http://creativecommons.org/licenses/by/3.0/,background
144028,djym,http://creativecommons.org/publicdomain/zero/1.0/,background
144106,jwestbury,http://creativecommons.org/licenses/by/3.0/,background
144218,D W,http://creativecommons.org/licenses/by/3.0/,background
144321,fumiya112,http://creativecommons.org/publicdomain/zero/1.0/,glass_breaking
144510,FreqMan,http://creativecommons.org/publicdomain/zero/1.0/,knock
144597,quartertone,http://creativecommons.org/licenses/by/3.0/,background
144723,quartertone,http://creativecommons.org/licenses/by/3.0/,background
144766,quartertone,http://creativecommons.org/licenses/by/3.0/,background
144776,quartertone,http://creativecommons.org/licenses/by/3.0/,background
144802,quartertone,http://creativecommons.org/licenses/by/3.0/,background
144823,Zabuhailo,http://creativecommons.org/publicdomain/zero/1.0/,background
144942,Adam_N,http://creativecommons.org/publicdomain/zero/1.0/,knock
144943,Adam_N,http://creativecommons.org/publicdomain/zero/1.0/,knock
144946,Adam_N,http://creativecommons.org/publicdomain/zero/1.0/,knock
144947,Adam_N,http://creativecommons.org/publicdomain/zero/1.0/,knock
144948,Adam_N,http://creativecommons.org/publicdomain/zero/1.0/,knock
144949,Adam_N,http://creativecommons.org/publicdomain/zero/1.0/,knock
144950,Adam_N,http://creativecommons.org/publicdomain/zero/1.0/,knock
144951,Adam_N,http://creativecommons.org/publicdomain/zero/1.0/,knock
145084,D W,http://creativecommons.org/licenses/by/3.0/,background
145086,D W,http://creativecommons.org/licenses/by/3.0/,background
145101,bankfraudd,http://creativecommons.org/publicdomain/zero/1.0/,background
145209,lensflare8642,http://creativecommons.org/publicdomain/zero/1.0/,glass_breaking
145541,bmoreno,http://creativecommons.org/licenses/by/3.0/,background
145558,Black Snow,http://creativecommons.org/licenses/by/3.0/,glass_breaking
145559,Black Snow,http://creativecommons.org/licenses/by/3.0/,glass_breaking
145562,Black Snow,http://creativecommons.org/licenses/by/3.0/,glass_breaking
145563,Black Snow,http://creativecommons.org/licenses/by/3.0/,glass_breaking
145652,LukeSharples,http://creativecommons.org/licenses/by/3.0/,background
145665,LukeSharples,http://creativecommons.org/licenses/by/3.0/,background
145850,quartertone,http://creativecommons.org/licenses/by/3.0/,background
145857,quartertone,http://creativecommons.org/licenses/by/3.0/,background
145948,quartertone,http://creativecommons.org/licenses/by/3.0/,background
146005,quartertone,http://creativecommons.org/licenses/by/3.0/,background
146007,quartertone,http://creativecommons.org/licenses/by/3.0/,background
146010,quartertone,http://creativecommons.org/licenses/by/3.0/,background
146351,Sound1A,http://creativecommons.org/publicdomain/zero/1.0/,background
146616,quartertone,http://creativecommons.org/licenses/by/3.0/,background
146648,quartertone,http://creativecommons.org/licenses/by/3.0/,background
146760,wichogarcia,http://creativecommons.org/licenses/by/3.0/,background
147064,pjcohen,http://creativecommons.org/licenses/by/3.0/,background
147182,Hampusnoren,http://creativecommons.org/licenses/by/3.0/,background
147378,JZProductions,http://creativecommons.org/licenses/by/3.0/,background
147867,letssfx,http://creativecommons.org/publicdomain/zero/1.0/,glass_breaking
148073,sandyrb,http://creativecommons.org/licenses/by/3.0/,glass_breaking
148074,sandyrb,http://creativecommons.org/licenses/by/3.0/,glass_breaking
148075,sandyrb,http://creativecommons.org/licenses/by/3.0/,glass_breaking
148166,nukemjustin,http://creativecommons.org/publicdomain/zero/1.0/,background
148257,Corsica_S,http://creativecommons.org/licenses/by/3.0/,background
148404,neatonk,http://creativecommons.org/licenses/by/3.0/,background
148429,neatonk,http://creativecommons.org/licenses/by/3.0/,background
148513,neatonk,http://creativecommons.org/licenses/by/3.0/,background
148579,neatonk,http://creativecommons.org/licenses/by/3.0/,background
148836,cedarstudios,http://creativecommons.org/publicdomain/zero/1.0/,background
148944,Adam_N,http://creativecommons.org/publicdomain/zero/1.0/,knock
148945,Adam_N,http://creativecommons.org/publicdomain/zero/1.0/,knock
148946,Adam_N,http://creativecommons.org/publicdomain/zero/1.0/,knock
148947,Adam_N,http://creativecommons.org/publicdomain/zero/1.0/,knock
148950,Adam_N,http://creativecommons.org/publicdomain/zero/1.0/,knock
148951,Adam_N,http://creativecommons.org/publicdomain/zero/1.0/,knock
148995,Adam_N,http://creativecommons.org/publicdomain/zero/1.0/,background
149164,ramas26,http://creativecommons.org/publicdomain/zero/1.0/,background
149211,orginaljun,http://creativecommons.org/licenses/by/3.0/,background
149611,beskhu,http://creativecommons.org/licenses/by/3.0/,background
149825,Gheorghelaza,http://creativecommons.org/publicdomain/zero/1.0/,background
149830,Villen,http://creativecommons.org/publicdomain/zero/1.0/,background
150583,quartertone,http://creativecommons.org/licenses/by/3.0/,background
150688,quartertone,http://creativecommons.org/licenses/by/3.0/,background
150706,quartertone,http://creativecommons.org/licenses/by/3.0/,background
150789,quartertone,http://creativecommons.org/licenses/by/3.0/,background
150792,quartertone,http://creativecommons.org/licenses/by/3.0/,background
15088,Jovica,http://creativecommons.org/licenses/by/3.0/,background
150963,unchaz,http://creativecommons.org/licenses/by/3.0/,background
150968,unchaz,http://creativecommons.org/licenses/by/3.0/,background
150969,unchaz,http://creativecommons.org/licenses/by/3.0/,background
150981,soundingoffagain,http://creativecommons.org/publicdomain/zero/1.0/,background
151069,vabadus,http://creativecommons.org/publicdomain/zero/1.0/,background
151081,PickleJones,http://creativecommons.org/publicdomain/zero/1.0/,baby_crying
151085,PickleJones,http://creativecommons.org/publicdomain/zero/1.0/,baby_crying
151088,ripper351,http://creativecommons.org/publicdomain/zero/1.0/,knock
151089,ripper351,http://creativecommons.org/publicdomain/zero/1.0/,knock
15111,Jovica,http://creativecommons.org/licenses/by/3.0/,background
151195,hokstnator,http://creativecommons.org/licenses/by/3.0/,background
15123,Jovica,http://creativecommons.org/licenses/by/3.0/,background
151292,bohara2000,http://creativecommons.org/licenses/by/3.0/,background
151522,tvfs,http://creativecommons.org/publicdomain/zero/1.0/,background
151594,D W,http://creativecommons.org/licenses/by/3.0/,background
151776,universildo,http://creativecommons.org/publicdomain/zero/1.0/,background
151853,carroll27,http://creativecommons.org/publicdomain/zero/1.0/,background
151889,carroll27,http://creativecommons.org/publicdomain/zero/1.0/,knock
151893,carroll27,http://creativecommons.org/publicdomain/zero/1.0/,doorbell
151894,carroll27,http://creativecommons.org/publicdomain/zero/1.0/,knock
151985,D W,http://creativecommons.org/licenses/by/3.0/,background
152135,quartertone,http://creativecommons.org/licenses/by/3.0/,background
152169,quartertone,http://creativecommons.org/licenses/by/3.0/,background
152171,quartertone,http://creativecommons.org/licenses/by/3.0/,background
152305,D W,http://creativecommons.org/licenses/by/3.0/,background
152306,D W,http://creativecommons.org/licenses/by/3.0/,background
152310,D W,http://creativecommons.org/licenses/by/3.0/,background
152338,inchadney,http://creativecommons.org/licenses/by/3.0/,background
152689,stomachache,http://creativecommons.org/publicdomain/zero/1.0/,background
152754,L15452,http://creativecommons.org/licenses/by/3.0/,background
152819,GB01,http://creativecommons.org/licenses/by/3.0/,background
152904,fmaudio,http://creativecommons.org/licenses/by/3.0/,background
152978,dianser72,http://creativecommons.org/publicdomain/zero/1.0/,background
152996,Nmb910,http://creativecommons.org/licenses/by/3.0/,background
153274,gerardcatala,http://creativecommons.org/publicdomain/zero/1.0/,background
153401,stomachache,http://creativecommons.org/publicdomain/zero/1.0/,background
154675,crcavol,http://creativecommons.org/publicdomain/zero/1.0/,background
154678,zombieknobtwiddler,http://creativecommons.org/licenses/by/3.0/,background
154692,mistorcaveman,http://creativecommons.org/publicdomain/zero/1.0/,background
15482,elonen,http://creativecommons.org/publicdomain/zero/1.0/,background
155313,Jace,http://creativecommons.org/publicdomain/zero/1.0/,background
155396,thecityrings,http://creativecommons.org/licenses/by/3.0/,background
15543,Bram,http://creativecommons.org/licenses/by/3.0/,background
155518,stephendemaria,http://creativecommons.org/licenses/by/3.0/,background
155568,BigKahuna360,http://creativecommons.org/publicdomain/zero/1.0/,background
155573,BigKahuna360,http://creativecommons.org/publicdomain/zero/1.0/,background
155846,day_tripper13,http://creativecommons.org/publicdomain/zero/1.0/,background
156125,JL_barrett,http://creativecommons.org/publicdomain/zero/1.0/,background
156180,JL_barrett,http://creativecommons.org/publicdomain/zero/1.0/,background
156181,JL_barrett,http://creativecommons.org/publicdomain/zero/1.0/,background
156321,dayvonjersen,http://creativecommons.org/publicdomain/zero/1.0/,background
156331,dayvonjersen,http://creativecommons.org/publicdomain/zero/1.0/,background
156373,sandyrb,http://creativecommons.org/licenses/by/3.0/,background
156429,heptor,http://creativecommons.org/licenses/by/3.0/,background
156578,SpliceSound,http://creativecommons.org/publicdomain/zero/1.0/,glass_breaking
156627,martats,http://creativecommons.org/publicdomain/zero/1.0/,background
156883,lawnjelly,http://creativecommons.org/licenses/by/3.0/,background
157018,Slave2theLight,http://creativecommons.org/licenses/by/3.0/,background
157398,melissapons,http://creativecommons.org/publicdomain/zero/1.0/,background
157611,DJillcom,http://creativecommons.org/publicdomain/zero/1.0/,background
157801,SoundCollectah,http://creativecommons.org/publicdomain/zero/1.0/,background
157812,akonze,http://creativecommons.org/publicdomain/zero/1.0/,background
158140,qubodup,http://creativecommons.org/publicdomain/zero/1.0/,glass_breaking
158142,qubodup,http://creativecommons.org/publicdomain/zero/1.0/,glass_breaking
158503,HBSA,http://creativecommons.org/licenses/by/3.0/,background
158505,HBSA,http://creativecommons.org/licenses/by/3.0/,background
158609,bmoreno,http://creativecommons.org/licenses/by/3.0/,background
15861,LG,http://creativecommons.org/licenses/by/3.0/,background
158776,eardeer,http://creativecommons.org/licenses/by/3.0/,background
158997,CGEffex,http://creativecommons.org/licenses/by/3.0/,background
159008,CGEffex,http://creativecommons.org/licenses/by/3.0/,background
159088,duncanlewismackinnon,http://creativecommons.org/licenses/by/3.0/,background
159197,justBrando,http://creativecommons.org/publicdomain/zero/1.0/,glass_breaking
159292,cms4f,http://creativecommons.org/publicdomain/zero/1.0/,background
159405,eardeer,http://creativecommons.org/licenses/by/3.0/,background
160137,jorickhoofd,http://creativecommons.org/licenses/by/3.0/,background
16017,harri,http://creativecommons.org/licenses/by/3.0/,background
160282,Tom_McLaughlin,http://creativecommons.org/licenses/by/3.0/,background
160290,Tom_McLaughlin,http://creativecommons.org/licenses/by/3.0/,background
160301,Tom_McLaughlin,http://creativecommons.org/licenses/by/3.0/,background
160305,Tom_McLaughlin,http://creativecommons.org/licenses/by/3.0/,background
160477,unfa,http://creativecommons.org/licenses/by/3.0/,background
160478,unfa,http://creativecommons.org/licenses/by/3.0/,background
16051,LG,http://creativecommons.org/licenses/by/3.0/,background
160605,mallement,http://creativecommons.org/licenses/by/3.0/,background
160674,dermotte,http://creativecommons.org/licenses/by/3.0/,background
160686,antique98,http://creativecommons.org/publicdomain/zero/1.0/,background
160689,CosmicEmbers,http://creativecommons.org/licenses/by/3.0/,background
160710,rhafiko,http://creativecommons.org/publicdomain/zero/1.0/,background
160759,CosmicEmbers,http://creativecommons.org/licenses/by/3.0/,glass_breaking
160772,poissonmort,http://creativecommons.org/licenses/by/3.0/,background
161309,Chela Sivesta,http://creativecommons.org/licenses/by/3.0/,glass_breaking
161427,smileylovers,http://creativecommons.org/licenses/by/3.0/,background
161552,frubu,http://creativecommons.org/publicdomain/zero/1.0/,background
161579,doctor567,http://creativecommons.org/publicdomain/zero/1.0/,background
161720,lauris3722,http://creativecommons.org/publicdomain/zero/1.0/,background
162169,Chela Sivesta,http://creativecommons.org/licenses/by/3.0/,glass_breaking
162254,qubodup,http://creativecommons.org/publicdomain/zero/1.0/,background
162258,qubodup,http://creativecommons.org/publicdomain/zero/1.0/,background
162517,Chippy569,http://creativecommons.org/publicdomain/zero/1.0/,background
162520,Chippy569,http://creativecommons.org/publicdomain/zero/1.0/,background
162917,Project16,http://creativecommons.org/licenses/by/3.0/,background
162933,Project16,http://creativecommons.org/licenses/by/3.0/,background
162945,Project16,http://creativecommons.org/licenses/by/3.0/,background
162948,Project16,http://creativecommons.org/licenses/by/3.0/,background
162956,Project16,http://creativecommons.org/licenses/by/3.0/,background
162963,Project16,http://creativecommons.org/licenses/by/3.0/,background
162964,Project16,http://creativecommons.org/licenses/by/3.0/,background
163012,Project16,http://creativecommons.org/licenses/by/3.0/,background
163117,qubodup,http://creativecommons.org/publicdomain/zero/1.0/,background
163278,TobiasKosmos,http://creativecommons.org/licenses/by/3.0/,background
163364,MikaF,http://creativecommons.org/publicdomain/zero/1.0/,glass_breaking
163730,Corsica_S,http://creativecommons.org/licenses/by/3.0/,doorbell
163732,mrbriandesign,http://creativecommons.org/publicdomain/zero/1.0/,background
164020,Peteguy,http://creativecommons.org/licenses/by/3.0/,background
164021,kangaroovindaloo,http://creativecommons.org/licenses/by/3.0/,background
164219,Adam_N,http://creativecommons.org/publicdomain/zero/1.0/,background
164311,martinimeniscus,http://creativecommons.org/publicdomain/zero/1.0/,background
164328,martinimeniscus,http://creativecommons.org/publicdomain/zero/1.0/,glass_breaking
164329,martinimeniscus,http://creativecommons.org/publicdomain/zero/1.0/,glass_breaking
164330,martinimeniscus,http://creativecommons.org/publicdomain/zero/1.0/,glass_breaking
164332,martinimeniscus,http://creativecommons.org/publicdomain/zero/1.0/,glass_breaking
164476,Adam_N,http://creativecommons.org/publicdomain/zero/1.0/,background
164489,Adam_N,http://creativecommons.org/publicdomain/zero/1.0/,background
164539,martinimeniscus,http://creativecommons.org/publicdomain/zero/1.0/,glass_breaking
164540,martinimeniscus,http://creativecommons.org/publicdomain/zero/1.0/,glass_breaking
164541,martinimeniscus,http://creativecommons.org/publicdomain/zero/1.0/,glass_breaking
164542,martinimeniscus,http://creativecommons.org/publicdomain/zero/1.0/,glass_breaking
164566,Adam_N,http://creativecommons.org/publicdomain/zero/1.0/,knock
164567,Adam_N,http://creativecommons.org/publicdomain/zero/1.0/,knock
164568,Adam_N,http://creativecommons.org/publicdomain/zero/1.0/,knock
164569,Adam_N,http://creativecommons.org/publicdomain/zero/1.0/,knock
164571,Adam_N,http://creativecommons.org/publicdomain/zero/1.0/,knock
164574,Adam_N,http://creativecommons.org/publicdomain/zero/1.0/,background
16464,emmanuel,http://creativecommons.org/licenses/by/3.0/,background
165393,ShawnyBoy,http://creativecommons.org/publicdomain/zero/1.0/,background
165641,pishpirika,http://creativecommons.org/licenses/by/3.0/,background
165644,pishpirika,http://creativecommons.org/licenses/by/3.0/,background
166138,Adam_N,http://creativecommons.org/publicdomain/zero/1.0/,background
166287,Fantozzi,http://creativecommons.org/publicdomain/zero/1.0/,background
166297,Fantozzi,http://creativecommons.org/publicdomain/zero/1.0/,background
166305,Fantozzi,http://creativecommons.org/publicdomain/zero/1.0/,background
167249,RobinScemama,http://creativecommons.org/licenses/by/3.0/,background
167448,carmsie,http://creativecommons.org/licenses/by/3.0/,background
167477,superandy,http://creativecommons.org/publicdomain/zero/1.0/,background
167640,SoundCollectah,http://creativecommons.org/publicdomain/zero/1.0/,background
167828,cwhite841,http://creativecommons.org/publicdomain/zero/1.0/,background
168437,dland,http://creativecommons.org/publicdomain/zero/1.0/,background
168438,dland,http://creativecommons.org/publicdomain/zero/1.0/,background
168484,buddhabeats,http://creativecommons.org/licenses/by/3.0/,background
168800,Zabuhailo,http://creativecommons.org/licenses/by/3.0/,background
169143,5deMayo,http://creativecommons.org/publicdomain/zero/1.0/,background
169163,JoniHeinonen,http://creativecommons.org/licenses/by/3.0/,background
169188,Gorky173,http://creativecommons.org/publicdomain/zero/1.0/,background
169619,stomachache,http://creativecommons.org/publicdomain/zero/1.0/,background
169806,missozzy,http://creativecommons.org/licenses/by/3.0/,background
170330,siriuss22,http://creativecommons.org/licenses/by/3.0/,background
170574,Ryan_kuke,http://creativecommons.org/licenses/by/3.0/,knock
170575,agnelowayne,http://creativecommons.org/publicdomain/zero/1.0/,background
170786,esperar,http://creativecommons.org/publicdomain/zero/1.0/,background
170857,unfa,http://creativecommons.org/licenses/by/3.0/,background
171136,michael_kur95,http://creativecommons.org/licenses/by/3.0/,knock
171755,2887679652,http://creativecommons.org/publicdomain/zero/1.0/,doorbell
171935,qubodup,http://creativecommons.org/publicdomain/zero/1.0/,background
172294,BigYellowHand,http://creativecommons.org/licenses/by/3.0/,background
172734,dobroide,http://creativecommons.org/licenses/by/3.0/,background
172951,IrishCinema,http://creativecommons.org/publicdomain/zero/1.0/,background
172983,dwareing,http://creativecommons.org/publicdomain/zero/1.0/,background
173000,KeyKrusher,http://creativecommons.org/licenses/by/3.0/,background
173052,sergeeo,http://creativecommons.org/publicdomain/zero/1.0/,background
173054,sergeeo,http://creativecommons.org/publicdomain/zero/1.0/,background
173080,deameon1427,http://creativecommons.org/publicdomain/zero/1.0/,background
173092,leoncillo,http://creativecommons.org/licenses/by/3.0/,background
173557,gevaroy,http://creativecommons.org/publicdomain/zero/1.0/,glass_breaking
173558,gevaroy,http://creativecommons.org/publicdomain/zero/1.0/,glass_breaking
173559,gevaroy,http://creativecommons.org/publicdomain/zero/1.0/,glass_breaking
173560,gevaroy,http://creativecommons.org/publicdomain/zero/1.0/,glass_breaking
173576,gevaroy,http://creativecommons.org/publicdomain/zero/1.0/,glass_breaking
173577,gevaroy,http://creativecommons.org/publicdomain/zero/1.0/,glass_breaking
173579,gevaroy,http://creativecommons.org/publicdomain/zero/1.0/,glass_breaking
173580,gevaroy,http://creativecommons.org/publicdomain/zero/1.0/,glass_breaking
173581,gevaroy,http://creativecommons.org/publicdomain/zero/1.0/,glass_breaking
173585,gevaroy,http://creativecommons.org/publicdomain/zero/1.0/,glass_breaking
173591,gevaroy,http://creativecommons.org/publicdomain/zero/1.0/,glass_breaking
173592,gevaroy,http://creativecommons.org/publicdomain/zero/1.0/,glass_breaking
173593,gevaroy,http://creativecommons.org/publicdomain/zero/1.0/,glass_breaking
173594,gevaroy,http://creativecommons.org/publicdomain/zero/1.0/,glass_breaking
173595,gevaroy,http://creativecommons.org/publicdomain/zero/1.0/,glass_breaking
173600,gevaroy,http://creativecommons.org/publicdomain/zero/1.0/,glass_breaking
173601,gevaroy,http://creativecommons.org/publicdomain/zero/1.0/,glass_breaking
173602,gevaroy,http://creativecommons.org/publicdomain/zero/1.0/,glass_breaking
173604,gevaroy,http://creativecommons.org/publicdomain/zero/1.0/,glass_breaking
173605,gevaroy,http://creativecommons.org/publicdomain/zero/1.0/,glass_breaking
173606,gevaroy,http://creativecommons.org/publicdomain/zero/1.0/,glass_breaking
173607,gevaroy,http://creativecommons.org/publicdomain/zero/1.0/,glass_breaking
173608,gevaroy,http://creativecommons.org/publicdomain/zero/1.0/,glass_breaking
173609,gevaroy,http://creativecommons.org/publicdomain/zero/1.0/,glass_breaking
173610,gevaroy,http://creativecommons.org/publicdomain/zero/1.0/,glass_breaking
173611,gevaroy,http://creativecommons.org/publicdomain/zero/1.0/,glass_breaking
173613,gevaroy,http://creativecommons.org/publicdomain/zero/1.0/,glass_breaking
173614,gevaroy,http://creativecommons.org/publicdomain/zero/1.0/,glass_breaking
173618,gevaroy,http://creativecommons.org/publicdomain/zero/1.0/,glass_breaking
173619,gevaroy,http://creativecommons.org/publicdomain/zero/1.0/,glass_breaking
173621,gevaroy,http://creativecommons.org/publicdomain/zero/1.0/,glass_breaking
173622,gevaroy,http://creativecommons.org/publicdomain/zero/1.0/,glass_breaking
173623,gevaroy,http://creativecommons.org/publicdomain/zero/1.0/,glass_breaking
173643,mojomills,http://creativecommons.org/licenses/by/3.0/,background
173711,mojomills,http://creativecommons.org/licenses/by/3.0/,background
173721,mojomills,http://creativecommons.org/licenses/by/3.0/,background
173725,mojomills,http://creativecommons.org/licenses/by/3.0/,background
173804,mojomills,http://creativecommons.org/licenses/by/3.0/,background
173808,mojomills,http://creativecommons.org/licenses/by/3.0/,background
173820,mojomills,http://creativecommons.org/licenses/by/3.0/,background
174023,HolophonicAudioLab,http://creativecommons.org/publicdomain/zero/1.0/,background
17405,LG,http://creativecommons.org/licenses/by/3.0/,background
174498,unfa,http://creativecommons.org/licenses/by/3.0/,background
174747,sgarrison2127,http://creativecommons.org/publicdomain/zero/1.0/,glass_breaking
174750,sgarrison2127,http://creativecommons.org/publicdomain/zero/1.0/,glass_breaking
174885,toiletrolltube,http://creativecommons.org/publicdomain/zero/1.0/,background
174948,AlienXXX,http://creativecommons.org/licenses/by/3.0/,background
175044,wuola,http://creativecommons.org/publicdomain/zero/1.0/,background
17505,dobroide,http://creativecommons.org/licenses/by/3.0/,background
175052,wuola,http://creativecommons.org/publicdomain/zero/1.0/,background
175053,wuola,http://creativecommons.org/publicdomain/zero/1.0/,background
17506,dobroide,http://creativecommons.org/licenses/by/3.0/,background
175409,kirbydx,http://creativecommons.org/publicdomain/zero/1.0/,background
175417,Housed1J,http://creativecommons.org/publicdomain/zero/1.0/,knock
175464,sergeeo,http://creativecommons.org/licenses/by/3.0/,background
175498,sergeeo,http://creativecommons.org/licenses/by/3.0/,background
175620,ondrosik,http://creativecommons.org/licenses/by/3.0/,background
175621,ondrosik,http://creativecommons.org/licenses/by/3.0/,background
175963,Snapper4298,http://creativecommons.org/publicdomain/zero/1.0/,background
176228,markgia,http://creativecommons.org/publicdomain/zero/1.0/,background
176503,Goup_1,http://creativecommons.org/licenses/by/3.0/,background
176532,Goup_1,http://creativecommons.org/licenses/by/3.0/,background
176560,retropttam,http://creativecommons.org/licenses/by/3.0/,background
176600,TelenoikaMapping,http://creativecommons.org/licenses/by/3.0/,background
176602,TelenoikaMapping,http://creativecommons.org/licenses/by/3.0/,background
177059,ajkerekes,http://creativecommons.org/licenses/by/3.0/,background
177083,GB01,http://creativecommons.org/licenses/by/3.0/,background
177142,SkinnySoundGuy,http://creativecommons.org/licenses/by/3.0/,background
177256,sergeeo,http://creativecommons.org/licenses/by/3.0/,background
177315,qubodup,http://creativecommons.org/licenses/by/3.0/,background
177613,aminut,http://creativecommons.org/publicdomain/zero/1.0/,background
177794,Louderest,http://creativecommons.org/licenses/by/3.0/,background
177875,jorickhoofd,http://creativecommons.org/licenses/by/3.0/,doorbell
178080,sgarrison2127,http://creativecommons.org/publicdomain/zero/1.0/,background
178537,kyliank,http://creativecommons.org/publicdomain/zero/1.0/,background
178582,jorickhoofd,http://creativecommons.org/licenses/by/3.0/,glass_breaking
178991,jmdh,http://creativecommons.org/publicdomain/zero/1.0/,knock
17908,WIM,http://creativecommons.org/licenses/by/3.0/,background
179227,jorickhoofd,http://creativecommons.org/licenses/by/3.0/,glass_breaking
179228,jorickhoofd,http://creativecommons.org/licenses/by/3.0/,glass_breaking
179229,jorickhoofd,http://creativecommons.org/licenses/by/3.0/,glass_breaking
179230,jorickhoofd,http://creativecommons.org/licenses/by/3.0/,glass_breaking
179231,jorickhoofd,http://creativecommons.org/licenses/by/3.0/,glass_breaking
179232,jorickhoofd,http://creativecommons.org/licenses/by/3.0/,glass_breaking
179233,jorickhoofd,http://creativecommons.org/licenses/by/3.0/,glass_breaking
179234,jorickhoofd,http://creativecommons.org/licenses/by/3.0/,glass_breaking
179235,jorickhoofd,http://creativecommons.org/licenses/by/3.0/,glass_breaking
179236,jorickhoofd,http://creativecommons.org/licenses/by/3.0/,glass_breaking
179239,jorickhoofd,http://creativecommons.org/licenses/by/3.0/,glass_breaking
179240,jorickhoofd,http://creativecommons.org/licenses/by/3.0/,glass_breaking
179241,jorickhoofd,http://creativecommons.org/licenses/by/3.0/,glass_breaking
179242,jorickhoofd,http://creativecommons.org/licenses/by/3.0/,glass_breaking
179249,jorickhoofd,http://creativecommons.org/licenses/by/3.0/,glass_breaking
179250,jorickhoofd,http://creativecommons.org/licenses/by/3.0/,glass_breaking
179251,jorickhoofd,http://creativecommons.org/licenses/by/3.0/,glass_breaking
179259,jorickhoofd,http://creativecommons.org/licenses/by/3.0/,glass_breaking
179263,jorickhoofd,http://creativecommons.org/licenses/by/3.0/,glass_breaking
179264,jorickhoofd,http://creativecommons.org/licenses/by/3.0/,glass_breaking
179265,jorickhoofd,http://creativecommons.org/licenses/by/3.0/,glass_breaking
179267,jorickhoofd,http://creativecommons.org/licenses/by/3.0/,background
179392,m3fuss,http://creativecommons.org/licenses/by/3.0/,baby_crying
179393,m3fuss,http://creativecommons.org/licenses/by/3.0/,baby_crying
179403,m3fuss,http://creativecommons.org/licenses/by/3.0/,baby_crying
179411,m3fuss,http://creativecommons.org/licenses/by/3.0/,baby_crying
179865,toiletrolltube,http://creativecommons.org/publicdomain/zero/1.0/,background
179866,toiletrolltube,http://creativecommons.org/publicdomain/zero/1.0/,background
179905,timsc,http://creativecommons.org/publicdomain/zero/1.0/,background
180135,toiletrolltube,http://creativecommons.org/publicdomain/zero/1.0/,background
180147,TeamKill3r,http://creativecommons.org/publicdomain/zero/1.0/,knock
180444,sseletskyy,http://creativecommons.org/publicdomain/zero/1.0/,background
180686,DapperDaniel,http://creativecommons.org/publicdomain/zero/1.0/,background
180758,toiletrolltube,http://creativecommons.org/publicdomain/zero/1.0/,background
180778,toiletrolltube,http://creativecommons.org/publicdomain/zero/1.0/,background
181271,iamshort,http://creativecommons.org/publicdomain/zero/1.0/,background
181278,toiletrolltube,http://creativecommons.org/publicdomain/zero/1.0/,background
181522,stomachache,http://creativecommons.org/publicdomain/zero/1.0/,background
181527,stomachache,http://creativecommons.org/publicdomain/zero/1.0/,background
181569,kingsrow,http://creativecommons.org/publicdomain/zero/1.0/,background
181573,kingsrow,http://creativecommons.org/publicdomain/zero/1.0/,background
181588,kingsrow,http://creativecommons.org/publicdomain/zero/1.0/,background
181811,keweldog,http://creativecommons.org/publicdomain/zero/1.0/,background
182022,Omar Alvarado,http://creativecommons.org/licenses/by/3.0/,knock
182023,Omar Alvarado,http://creativecommons.org/licenses/by/3.0/,knock
182024,Omar Alvarado,http://creativecommons.org/licenses/by/3.0/,knock
182032,Omar Alvarado,http://creativecommons.org/licenses/by/3.0/,knock
182033,Omar Alvarado,http://creativecommons.org/licenses/by/3.0/,knock
182034,Omar Alvarado,http://creativecommons.org/licenses/by/3.0/,knock
182039,Omar Alvarado,http://creativecommons.org/licenses/by/3.0/,knock
182041,Omar Alvarado,http://creativecommons.org/licenses/by/3.0/,knock
182043,Omar Alvarado,http://creativecommons.org/licenses/by/3.0/,knock
182324,simplen00b,http://creativecommons.org/publicdomain/zero/1.0/,background
182351,Kesu,http://creativecommons.org/publicdomain/zero/1.0/,background
182431,qubodup,http://creativecommons.org/publicdomain/zero/1.0/,background
182569,pgonsilva,http://creativecommons.org/licenses/by/3.0/,background
18276,Corsica_S,http://creativecommons.org/licenses/by/3.0/,baby_crying
18280,Corsica_S,http://creativecommons.org/licenses/by/3.0/,background
18284,Corsica_S,http://creativecommons.org/licenses/by/3.0/,baby_crying
18287,Corsica_S,http://creativecommons.org/licenses/by/3.0/,background
18288,Corsica_S,http://creativecommons.org/licenses/by/3.0/,background
182902,toiletrolltube,http://creativecommons.org/publicdomain/zero/1.0/,background
182905,toiletrolltube,http://creativecommons.org/publicdomain/zero/1.0/,background
18291,Corsica_S,http://creativecommons.org/licenses/by/3.0/,baby_crying
182935,quartertone,http://creativecommons.org/licenses/by/3.0/,background
182954,quartertone,http://creativecommons.org/licenses/by/3.0/,background
182963,quartertone,http://creativecommons.org/licenses/by/3.0/,background
182984,quartertone,http://creativecommons.org/licenses/by/3.0/,background
182992,quartertone,http://creativecommons.org/licenses/by/3.0/,background
182998,quartertone,http://creativecommons.org/licenses/by/3.0/,background
183026,quartertone,http://creativecommons.org/licenses/by/3.0/,background
183035,quartertone,http://creativecommons.org/licenses/by/3.0/,background
183081,quartertone,http://creativecommons.org/licenses/by/3.0/,background
18314,luffy,http://creativecommons.org/licenses/by/3.0/,background
18331,luffy,http://creativecommons.org/licenses/by/3.0/,background
183705,quartertone,http://creativecommons.org/licenses/by/3.0/,background
183728,quartertone,http://creativecommons.org/licenses/by/3.0/,background
183729,quartertone,http://creativecommons.org/licenses/by/3.0/,background
183736,quartertone,http://creativecommons.org/licenses/by/3.0/,background
183750,quartertone,http://creativecommons.org/licenses/by/3.0/,background
183753,quartertone,http://creativecommons.org/licenses/by/3.0/,background
183791,quartertone,http://creativecommons.org/licenses/by/3.0/,background
183801,quartertone,http://creativecommons.org/licenses/by/3.0/,background
183810,quartertone,http://creativecommons.org/licenses/by/3.0/,background
183937,bigfriendlyjiant,http://creativecommons.org/licenses/by/3.0/,background
18453,dobroide,http://creativecommons.org/licenses/by/3.0/,background
184622,kim.headlee,http://creativecommons.org/publicdomain/zero/1.0/,background
184692,ingolyrio,http://creativecommons.org/licenses/by/3.0/,background
184741,NickMorris,http://creativecommons.org/publicdomain/zero/1.0/,background
184743,NickMorris,http://creativecommons.org/publicdomain/zero/1.0/,background
18529,Corsica_S,http://creativecommons.org/licenses/by/3.0/,background
185474,qubodup,http://creativecommons.org/publicdomain/zero/1.0/,background
185725,enric592,http://creativecommons.org/licenses/by/3.0/,background
185733,enric592,http://creativecommons.org/licenses/by/3.0/,background
186013,conradts,http://creativecommons.org/licenses/by/3.0/,background
186041,gerlod,http://creativecommons.org/licenses/by/3.0/,background
186489,jose908,http://creativecommons.org/licenses/by/3.0/,background
186540,BW Productions,http://creativecommons.org/licenses/by/3.0/,background
186645,mmleys,http://creativecommons.org/licenses/by/3.0/,background
186663,Shmeepz,http://creativecommons.org/licenses/by/3.0/,background
186956,ReadeOnly,http://creativecommons.org/publicdomain/zero/1.0/,background
186965,ReadeOnly,http://creativecommons.org/publicdomain/zero/1.0/,background
18726,LG,http://creativecommons.org/licenses/by/3.0/,background
18727,LG,http://creativecommons.org/licenses/by/3.0/,background
187306,carroll27,http://creativecommons.org/publicdomain/zero/1.0/,doorbell
187314,carroll27,http://creativecommons.org/publicdomain/zero/1.0/,doorbell
188215,SpliceSound,http://creativecommons.org/publicdomain/zero/1.0/,background
188396,wjoojoo,http://creativecommons.org/publicdomain/zero/1.0/,background
188445,dheming,http://creativecommons.org/licenses/by/3.0/,background
188518,Tritus,http://creativecommons.org/licenses/by/3.0/,background
188572,Joeladam,http://creativecommons.org/licenses/by/3.0/,background
188762,Eirikr,http://creativecommons.org/licenses/by/3.0/,background
188878,Suprasummun,http://creativecommons.org/licenses/by/3.0/,knock
188883,Suprasummun,http://creativecommons.org/licenses/by/3.0/,knock
189421,dobroide,http://creativecommons.org/licenses/by/3.0/,background
189433,dobroide,http://creativecommons.org/licenses/by/3.0/,background
189521,tinga,http://creativecommons.org/publicdomain/zero/1.0/,background
189528,tinga,http://creativecommons.org/publicdomain/zero/1.0/,background
189529,tinga,http://creativecommons.org/publicdomain/zero/1.0/,background
189532,tinga,http://creativecommons.org/publicdomain/zero/1.0/,background
189535,tinga,http://creativecommons.org/publicdomain/zero/1.0/,background
189542,tinga,http://creativecommons.org/publicdomain/zero/1.0/,background
189579,slag777,http://creativecommons.org/licenses/by/3.0/,background
189836,klankbeeld,http://creativecommons.org/licenses/by/3.0/,background
190020,Aiwha,http://creativecommons.org/licenses/by/3.0/,knock
190023,Aiwha,http://creativecommons.org/licenses/by/3.0/,knock
190024,Aiwha,http://creativecommons.org/licenses/by/3.0/,knock
190025,Aiwha,http://creativecommons.org/licenses/by/3.0/,knock
190026,Aiwha,http://creativecommons.org/licenses/by/3.0/,knock
190027,Aiwha,http://creativecommons.org/licenses/by/3.0/,knock
190028,FK_Prod,http://creativecommons.org/licenses/by/3.0/,background
19006,LG,http://creativecommons.org/licenses/by/3.0/,background
190249,FilipeFalcao,http://creativecommons.org/licenses/by/3.0/,background
190443,FilipeFalcao,http://creativecommons.org/licenses/by/3.0/,background
190465,qubodup,http://creativecommons.org/publicdomain/zero/1.0/,background
190577,conradts,http://creativecommons.org/publicdomain/zero/1.0/,background
190678,davidferoli,http://creativecommons.org/licenses/by/3.0/,background
191175,cahen,http://creativecommons.org/licenses/by/3.0/,background
19161,Fratz,http://creativecommons.org/licenses/by/3.0/,background
191869,rahulbasu,http://creativecommons.org/licenses/by/3.0/,background
19189,WIM,http://creativecommons.org/licenses/by/3.0/,background
191938,StormMiguel,http://creativecommons.org/publicdomain/zero/1.0/,background
191951,Aiyumi,http://creativecommons.org/publicdomain/zero/1.0/,background
192048,Wdfourtee,http://creativecommons.org/publicdomain/zero/1.0/,background
192053,Wdfourtee,http://creativecommons.org/publicdomain/zero/1.0/,background
192054,Wdfourtee,http://creativecommons.org/publicdomain/zero/1.0/,background
192060,qubodup,http://creativecommons.org/licenses/by/3.0/,glass_breaking
192388,madmini,http://creativecommons.org/licenses/by/3.0/,background
192393,madmini,http://creativecommons.org/licenses/by/3.0/,background
192761,ryuuzan,http://creativecommons.org/publicdomain/zero/1.0/,doorbell
192826,deleted_user_2195044,http://creativecommons.org/publicdomain/zero/1.0/,background
19301,StarRock,http://creativecommons.org/licenses/by/3.0/,background
193516,datwilightz,http://creativecommons.org/licenses/by/3.0/,background
193561,datwilightz,http://creativecommons.org/licenses/by/3.0/,background
193826,Ligidium,http://creativecommons.org/publicdomain/zero/1.0/,knock
193827,Ligidium,http://creativecommons.org/publicdomain/zero/1.0/,knock
193828,Ligidium,http://creativecommons.org/publicdomain/zero/1.0/,knock
193829,Ligidium,http://creativecommons.org/publicdomain/zero/1.0/,knock
193830,Ligidium,http://creativecommons.org/publicdomain/zero/1.0/,knock
193831,Ligidium,http://creativecommons.org/publicdomain/zero/1.0/,knock
193832,Ligidium,http://creativecommons.org/publicdomain/zero/1.0/,knock
193833,Ligidium,http://creativecommons.org/publicdomain/zero/1.0/,knock
193834,Ligidium,http://creativecommons.org/publicdomain/zero/1.0/,knock
193835,Ligidium,http://creativecommons.org/publicdomain/zero/1.0/,knock
193836,Ligidium,http://creativecommons.org/publicdomain/zero/1.0/,knock
193837,Ligidium,http://creativecommons.org/publicdomain/zero/1.0/,knock
193838,Ligidium,http://creativecommons.org/publicdomain/zero/1.0/,knock
193839,Ligidium,http://creativecommons.org/publicdomain/zero/1.0/,knock
193840,Ligidium,http://creativecommons.org/publicdomain/zero/1.0/,knock
193841,Ligidium,http://creativecommons.org/publicdomain/zero/1.0/,knock
193842,Ligidium,http://creativecommons.org/publicdomain/zero/1.0/,knock
193843,Ligidium,http://creativecommons.org/publicdomain/zero/1.0/,knock
193844,Ligidium,http://creativecommons.org/publicdomain/zero/1.0/,knock
193845,Ligidium,http://creativecommons.org/publicdomain/zero/1.0/,knock
193846,Ligidium,http://creativecommons.org/publicdomain/zero/1.0/,knock
193847,Ligidium,http://creativecommons.org/publicdomain/zero/1.0/,knock
193848,Ligidium,http://creativecommons.org/publicdomain/zero/1.0/,knock
193849,Ligidium,http://creativecommons.org/publicdomain/zero/1.0/,knock
193850,Ligidium,http://creativecommons.org/publicdomain/zero/1.0/,knock
193851,Ligidium,http://creativecommons.org/publicdomain/zero/1.0/,knock
193852,Ligidium,http://creativecommons.org/publicdomain/zero/1.0/,knock
193853,Ligidium,http://creativecommons.org/publicdomain/zero/1.0/,knock
193854,Ligidium,http://creativecommons.org/publicdomain/zero/1.0/,knock
193855,Ligidium,http://creativecommons.org/publicdomain/zero/1.0/,knock
193856,Ligidium,http://creativecommons.org/publicdomain/zero/1.0/,knock
193857,Ligidium,http://creativecommons.org/publicdomain/zero/1.0/,knock
193858,Ligidium,http://creativecommons.org/publicdomain/zero/1.0/,knock
193859,Ligidium,http://creativecommons.org/publicdomain/zero/1.0/,knock
193860,Ligidium,http://creativecommons.org/publicdomain/zero/1.0/,knock
193861,Ligidium,http://creativecommons.org/publicdomain/zero/1.0/,knock
193862,Ligidium,http://creativecommons.org/publicdomain/zero/1.0/,knock
193863,Ligidium,http://creativecommons.org/publicdomain/zero/1.0/,knock
193864,Ligidium,http://creativecommons.org/publicdomain/zero/1.0/,knock
193865,Ligidium,http://creativecommons.org/publicdomain/zero/1.0/,knock
193866,Ligidium,http://creativecommons.org/publicdomain/zero/1.0/,knock
193867,Ligidium,http://creativecommons.org/publicdomain/zero/1.0/,knock
193868,Ligidium,http://creativecommons.org/publicdomain/zero/1.0/,knock
193869,Ligidium,http://creativecommons.org/publicdomain/zero/1.0/,knock
193870,Ligidium,http://creativecommons.org/publicdomain/zero/1.0/,knock
193871,Ligidium,http://creativecommons.org/publicdomain/zero/1.0/,knock
193872,Ligidium,http://creativecommons.org/publicdomain/zero/1.0/,knock
193873,Ligidium,http://creativecommons.org/publicdomain/zero/1.0/,knock
194240,cosmician,http://creativecommons.org/publicdomain/zero/1.0/,background
194269,datwilightz,http://creativecommons.org/licenses/by/3.0/,background
194279,datwilightz,http://creativecommons.org/licenses/by/3.0/,background
194280,datwilightz,http://creativecommons.org/licenses/by/3.0/,background
194463,Agaxly,http://creativecommons.org/publicdomain/zero/1.0/,background
194485,wjoojoo,http://creativecommons.org/licenses/by/3.0/,background
194663,S. Dedalus,http://creativecommons.org/licenses/by/3.0/,background
194682,kingsrow,http://creativecommons.org/publicdomain/zero/1.0/,glass_breaking
194683,kingsrow,http://creativecommons.org/publicdomain/zero/1.0/,glass_breaking
194684,kingsrow,http://creativecommons.org/publicdomain/zero/1.0/,glass_breaking
194685,kingsrow,http://creativecommons.org/publicdomain/zero/1.0/,glass_breaking
194783,flcellogrl,http://creativecommons.org/licenses/by/3.0/,background
195091,bunting,http://creativecommons.org/publicdomain/zero/1.0/,background
195151,flcellogrl,http://creativecommons.org/licenses/by/3.0/,background
195152,flcellogrl,http://creativecommons.org/licenses/by/3.0/,background
195277,flcellogrl,http://creativecommons.org/licenses/by/3.0/,background
19531,Bram,http://creativecommons.org/licenses/by/3.0/,background
195433,Littlebrojay,http://creativecommons.org/publicdomain/zero/1.0/,background
195457,phenoxy,http://creativecommons.org/licenses/by/3.0/,background
195601,bramstoy,http://creativecommons.org/licenses/by/3.0/,background
195624,Goup_1,http://creativecommons.org/licenses/by/3.0/,glass_breaking
195655,absent1010,http://creativecommons.org/licenses/by/3.0/,background
195693,flcellogrl,http://creativecommons.org/licenses/by/3.0/,background
196098,peridactyloptrix,http://creativecommons.org/publicdomain/zero/1.0/,background
196127,Yuval,http://creativecommons.org/publicdomain/zero/1.0/,background
196279,FestaCienciaTecnologia,http://creativecommons.org/licenses/by/3.0/,background
196320,NoiseCollector,http://creativecommons.org/licenses/by/3.0/,background
196321,NoiseCollector,http://creativecommons.org/licenses/by/3.0/,background
196336,NoiseCollector,http://creativecommons.org/licenses/by/3.0/,background
196368,maisonsonique,http://creativecommons.org/licenses/by/3.0/,doorbell
196370,maisonsonique,http://creativecommons.org/licenses/by/3.0/,doorbell
196371,maisonsonique,http://creativecommons.org/licenses/by/3.0/,doorbell
196372,maisonsonique,http://creativecommons.org/licenses/by/3.0/,doorbell
196373,maisonsonique,http://creativecommons.org/licenses/by/3.0/,doorbell
196374,maisonsonique,http://creativecommons.org/licenses/by/3.0/,doorbell
196375,maisonsonique,http://creativecommons.org/licenses/by/3.0/,doorbell
196376,maisonsonique,http://creativecommons.org/licenses/by/3.0/,doorbell
196377,maisonsonique,http://creativecommons.org/licenses/by/3.0/,doorbell
196378,maisonsonique,http://creativecommons.org/licenses/by/3.0/,doorbell
196379,maisonsonique,http://creativecommons.org/licenses/by/3.0/,doorbell
196380,maisonsonique,http://creativecommons.org/licenses/by/3.0/,doorbell
197092,Tritus,http://creativecommons.org/licenses/by/3.0/,background
197179,razrox,http://creativecommons.org/publicdomain/zero/1.0/,background
197472,Gear-Richie,http://creativecommons.org/publicdomain/zero/1.0/,background
19768,jmaimarc,http://creativecommons.org/publicdomain/zero/1.0/,background
197713,a10fjet,http://creativecommons.org/publicdomain/zero/1.0/,background
197718,qubodup,http://creativecommons.org/licenses/by/3.0/,baby_crying
197866,Millavsb,http://creativecommons.org/publicdomain/zero/1.0/,knock
197911,fabiopx,http://creativecommons.org/publicdomain/zero/1.0/,background
198023,marinsound,http://creativecommons.org/publicdomain/zero/1.0/,background
19806,LG,http://creativecommons.org/licenses/by/3.0/,background
198088,Littleboot,http://creativecommons.org/licenses/by/3.0/,background
198262,unfa,http://creativecommons.org/licenses/by/3.0/,background
198329,schafferdavid,http://creativecommons.org/publicdomain/zero/1.0/,background
198331,schafferdavid,http://creativecommons.org/publicdomain/zero/1.0/,background
198337,schafferdavid,http://creativecommons.org/publicdomain/zero/1.0/,background
19880,dbuckley,http://creativecommons.org/licenses/by/3.0/,background
198965,photog123,http://creativecommons.org/publicdomain/zero/1.0/,background
199344,martinimeniscus,http://creativecommons.org/publicdomain/zero/1.0/,background
199407,martinimeniscus,http://creativecommons.org/publicdomain/zero/1.0/,background
199567,Omar Alvarado,http://creativecommons.org/licenses/by/3.0/,background
199653,martinimeniscus,http://creativecommons.org/publicdomain/zero/1.0/,background
199825,Connersaw64,http://creativecommons.org/publicdomain/zero/1.0/,background
199906,GN2013,http://creativecommons.org/publicdomain/zero/1.0/,glass_breaking
199959,Marth8880,http://creativecommons.org/licenses/by/3.0/,background
199971,quartertone,http://creativecommons.org/licenses/by/3.0/,background
200026,quartertone,http://creativecommons.org/licenses/by/3.0/,background
200040,quartertone,http://creativecommons.org/licenses/by/3.0/,background
200188,Goup_1,http://creativecommons.org/licenses/by/3.0/,background
200349,martinimeniscus,http://creativecommons.org/publicdomain/zero/1.0/,background
200419,franeknflute,http://creativecommons.org/licenses/by/3.0/,background
200426,lonce,http://creativecommons.org/licenses/by/3.0/,background
200622,quartertone,http://creativecommons.org/licenses/by/3.0/,background
200639,quartertone,http://creativecommons.org/licenses/by/3.0/,background
20068,vinchezbass,http://creativecommons.org/licenses/by/3.0/,background
201285,panmaterac,http://creativecommons.org/publicdomain/zero/1.0/,background
20166,patchen,http://creativecommons.org/licenses/by/3.0/,background
201810,J_Bond,http://creativecommons.org/publicdomain/zero/1.0/,background
201814,univ_lyon3,http://creativecommons.org/publicdomain/zero/1.0/,background
201834,univ_lyon3,http://creativecommons.org/publicdomain/zero/1.0/,background
20196,stinkhorn,http://creativecommons.org/licenses/by/3.0/,background
202093,spookymodem,http://creativecommons.org/publicdomain/zero/1.0/,glass_breaking
202188,luckylittleraven,http://creativecommons.org/licenses/by/3.0/,background
202283,dragdark,http://creativecommons.org/publicdomain/zero/1.0/,background
202548,manotrop,http://creativecommons.org/licenses/by/3.0/,background
202583,sergeeo,http://creativecommons.org/licenses/by/3.0/,background
202605,RobinScemama,http://creativecommons.org/licenses/by/3.0/,background
202730,carolgee,http://creativecommons.org/publicdomain/zero/1.0/,baby_crying
203368,C_Rogers,http://creativecommons.org/publicdomain/zero/1.0/,glass_breaking
203369,C_Rogers,http://creativecommons.org/publicdomain/zero/1.0/,glass_breaking
203370,C_Rogers,http://creativecommons.org/publicdomain/zero/1.0/,glass_breaking
203372,C_Rogers,http://creativecommons.org/publicdomain/zero/1.0/,glass_breaking
203373,C_Rogers,http://creativecommons.org/publicdomain/zero/1.0/,glass_breaking
203374,C_Rogers,http://creativecommons.org/publicdomain/zero/1.0/,glass_breaking
203375,C_Rogers,http://creativecommons.org/publicdomain/zero/1.0/,glass_breaking
203377,C_Rogers,http://creativecommons.org/publicdomain/zero/1.0/,glass_breaking
203379,C_Rogers,http://creativecommons.org/publicdomain/zero/1.0/,glass_breaking
203380,C_Rogers,http://creativecommons.org/publicdomain/zero/1.0/,glass_breaking
203460,Tesabob2001,http://creativecommons.org/publicdomain/zero/1.0/,background
203492,Tesabob2001,http://creativecommons.org/publicdomain/zero/1.0/,background
203597,raoul_slayer,http://creativecommons.org/publicdomain/zero/1.0/,background
203941,FrogPrince79,http://creativecommons.org/publicdomain/zero/1.0/,doorbell
203942,FrogPrince79,http://creativecommons.org/publicdomain/zero/1.0/,doorbell
203943,FrogPrince79,http://creativecommons.org/publicdomain/zero/1.0/,doorbell
203944,FrogPrince79,http://creativecommons.org/publicdomain/zero/1.0/,doorbell
203945,FrogPrince79,http://creativecommons.org/publicdomain/zero/1.0/,doorbell
203946,FrogPrince79,http://creativecommons.org/publicdomain/zero/1.0/,doorbell
203947,FrogPrince79,http://creativecommons.org/publicdomain/zero/1.0/,doorbell
203948,FrogPrince79,http://creativecommons.org/publicdomain/zero/1.0/,doorbell
204010,duckduckpony,http://creativecommons.org/licenses/by/3.0/,background
204115,Craxic,http://creativecommons.org/licenses/by/3.0/,glass_breaking
204116,Craxic,http://creativecommons.org/licenses/by/3.0/,glass_breaking
204119,Craxic,http://creativecommons.org/licenses/by/3.0/,glass_breaking
204120,Craxic,http://creativecommons.org/licenses/by/3.0/,glass_breaking
204121,Craxic,http://creativecommons.org/licenses/by/3.0/,glass_breaking
204122,Craxic,http://creativecommons.org/licenses/by/3.0/,glass_breaking
204123,Craxic,http://creativecommons.org/licenses/by/3.0/,glass_breaking
204124,Craxic,http://creativecommons.org/licenses/by/3.0/,glass_breaking
204132,Craxic,http://creativecommons.org/licenses/by/3.0/,glass_breaking
204133,Craxic,http://creativecommons.org/licenses/by/3.0/,glass_breaking
204134,Craxic,http://creativecommons.org/licenses/by/3.0/,glass_breaking
204140,Craxic,http://creativecommons.org/licenses/by/3.0/,glass_breaking
204141,Craxic,http://creativecommons.org/licenses/by/3.0/,glass_breaking
204142,Craxic,http://creativecommons.org/licenses/by/3.0/,glass_breaking
204143,Craxic,http://creativecommons.org/licenses/by/3.0/,glass_breaking
204144,Craxic,http://creativecommons.org/licenses/by/3.0/,glass_breaking
20432,AGFX,http://creativecommons.org/licenses/by/3.0/,background
20436,AGFX,http://creativecommons.org/licenses/by/3.0/,background
20439,AGFX,http://creativecommons.org/licenses/by/3.0/,background
204629,juancamiloorjuela,http://creativecommons.org/publicdomain/zero/1.0/,background
204634,juancamiloorjuela,http://creativecommons.org/publicdomain/zero/1.0/,background
204640,juancamiloorjuela,http://creativecommons.org/publicdomain/zero/1.0/,background
204641,juancamiloorjuela,http://creativecommons.org/publicdomain/zero/1.0/,background
204658,juancamiloorjuela,http://creativecommons.org/publicdomain/zero/1.0/,background
204685,Craxic,http://creativecommons.org/licenses/by/3.0/,glass_breaking
204686,Craxic,http://creativecommons.org/licenses/by/3.0/,glass_breaking
204687,Craxic,http://creativecommons.org/licenses/by/3.0/,glass_breaking
204688,Craxic,http://creativecommons.org/licenses/by/3.0/,glass_breaking
204692,Craxic,http://creativecommons.org/licenses/by/3.0/,glass_breaking
204694,Craxic,http://creativecommons.org/licenses/by/3.0/,glass_breaking
204695,Craxic,http://creativecommons.org/licenses/by/3.0/,glass_breaking
204697,Craxic,http://creativecommons.org/licenses/by/3.0/,glass_breaking
204698,Craxic,http://creativecommons.org/licenses/by/3.0/,glass_breaking
204699,Craxic,http://creativecommons.org/licenses/by/3.0/,glass_breaking
204777,ngruber,http://creativecommons.org/publicdomain/zero/1.0/,glass_breaking
205402,dcase2013,http://creativecommons.org/licenses/by/3.0/,background
205407,dcase2013,http://creativecommons.org/licenses/by/3.0/,background
205410,dcase2013,http://creativecommons.org/licenses/by/3.0/,background
205695,peteloe,http://creativecommons.org/publicdomain/zero/1.0/,background
20594,koostix,http://creativecommons.org/licenses/by/3.0/,background
205949,Ryding,http://creativecommons.org/licenses/by/3.0/,doorbell
206023,ajaysm,http://creativecommons.org/licenses/by/3.0/,background
207368,18hiltc,http://creativecommons.org/publicdomain/zero/1.0/,background
207387,sinewave1kHz,http://creativecommons.org/publicdomain/zero/1.0/,background
207598,syrinscape,http://creativecommons.org/licenses/by/3.0/,background
207599,syrinscape,http://creativecommons.org/licenses/by/3.0/,background
207600,syrinscape,http://creativecommons.org/licenses/by/3.0/,background
208031,Mewsel,http://creativecommons.org/publicdomain/zero/1.0/,background
208317,HPNoler,http://creativecommons.org/publicdomain/zero/1.0/,knock
208337,crispydinner,http://creativecommons.org/publicdomain/zero/1.0/,background
208664,ginacollecchia,http://creativecommons.org/licenses/by/3.0/,background
208678,ginacollecchia,http://creativecommons.org/licenses/by/3.0/,background
208696,peridactyloptrix,http://creativecommons.org/publicdomain/zero/1.0/,glass_breaking
208842,Insestanyricarda,http://creativecommons.org/licenses/by/3.0/,background
208847,Insestanyricarda,http://creativecommons.org/publicdomain/zero/1.0/,background
208903,Trentyham,http://creativecommons.org/licenses/by/3.0/,background
209004,OwlStorm,http://creativecommons.org/licenses/by/3.0/,background
209013,OwlStorm,http://creativecommons.org/licenses/by/3.0/,background
209044,Insestanyricarda,http://creativecommons.org/licenses/by/3.0/,background
209220,mark646,http://creativecommons.org/publicdomain/zero/1.0/,knock
209221,mark646,http://creativecommons.org/publicdomain/zero/1.0/,knock
209222,mark646,http://creativecommons.org/publicdomain/zero/1.0/,knock
209223,mark646,http://creativecommons.org/publicdomain/zero/1.0/,knock
20928,stephenchai,http://creativecommons.org/licenses/by/3.0/,background
209437,Insestanyricarda,http://creativecommons.org/licenses/by/3.0/,background
209698,EagleStealthTeam,http://creativecommons.org/publicdomain/zero/1.0/,background
209824,JonnyRuss,http://creativecommons.org/publicdomain/zero/1.0/,background
209829,JonnyRuss,http://creativecommons.org/publicdomain/zero/1.0/,background
210582,Agonda,http://creativecommons.org/licenses/by/3.0/,background
210631,ahjteam,http://creativecommons.org/licenses/by/3.0/,background
210640,ahjteam,http://creativecommons.org/licenses/by/3.0/,background
210644,ahjteam,http://creativecommons.org/licenses/by/3.0/,background
210645,ahjteam,http://creativecommons.org/licenses/by/3.0/,background
210656,ahjteam,http://creativecommons.org/licenses/by/3.0/,background
210668,ahjteam,http://creativecommons.org/licenses/by/3.0/,background
210672,ahjteam,http://creativecommons.org/licenses/by/3.0/,background
210680,ahjteam,http://creativecommons.org/licenses/by/3.0/,background
210685,ahjteam,http://creativecommons.org/licenses/by/3.0/,background
210733,qubodup,http://creativecommons.org/licenses/by/3.0/,background
21104,sagosen,http://creativecommons.org/licenses/by/3.0/,background
211163,S. Dedalus,http://creativecommons.org/licenses/by/3.0/,background
211393,arseniiv,http://creativecommons.org/publicdomain/zero/1.0/,background
211496,Taira Komori,http://creativecommons.org/licenses/by/3.0/,knock
211497,Taira Komori,http://creativecommons.org/licenses/by/3.0/,knock
211498,Taira Komori,http://creativecommons.org/licenses/by/3.0/,knock
211499,Taira Komori,http://creativecommons.org/licenses/by/3.0/,knock
211501,Taira Komori,http://creativecommons.org/licenses/by/3.0/,knock
211502,Taira Komori,http://creativecommons.org/licenses/by/3.0/,knock
211503,Taira Komori,http://creativecommons.org/licenses/by/3.0/,knock
211524,CelesteOminous,http://creativecommons.org/licenses/by/3.0/,background
211676,victorr,http://creativecommons.org/licenses/by/3.0/,background
211689,Taira Komori,http://creativecommons.org/licenses/by/3.0/,background
211933,Taira Komori,http://creativecommons.org/licenses/by/3.0/,background
212108,Taira Komori,http://creativecommons.org/licenses/by/3.0/,background
212111,Taira Komori,http://creativecommons.org/licenses/by/3.0/,background
212127,Taira Komori,http://creativecommons.org/licenses/by/3.0/,doorbell
212128,Taira Komori,http://creativecommons.org/licenses/by/3.0/,doorbell
212129,Taira Komori,http://creativecommons.org/licenses/by/3.0/,doorbell
212211,alexthegr81,http://creativecommons.org/publicdomain/zero/1.0/,background
212522,Taira Komori,http://creativecommons.org/licenses/by/3.0/,background
212532,Taira Komori,http://creativecommons.org/licenses/by/3.0/,background
212600,pgi,http://creativecommons.org/publicdomain/zero/1.0/,background
212678,fridobeck,http://creativecommons.org/publicdomain/zero/1.0/,background
212698,dasebr,http://creativecommons.org/publicdomain/zero/1.0/,glass_breaking
212734,Taira Komori,http://creativecommons.org/licenses/by/3.0/,background
212747,Taira Komori,http://creativecommons.org/licenses/by/3.0/,background
213029,Taira Komori,http://creativecommons.org/licenses/by/3.0/,background
213209,Taira Komori,http://creativecommons.org/licenses/by/3.0/,background
213279,S3I5M,http://creativecommons.org/publicdomain/zero/1.0/,background
213395,chewiesmissus,http://creativecommons.org/publicdomain/zero/1.0/,background
213890,peridactyloptrix,http://creativecommons.org/publicdomain/zero/1.0/,background
214187,kikuchiyo,http://creativecommons.org/publicdomain/zero/1.0/,background
214189,kikuchiyo,http://creativecommons.org/publicdomain/zero/1.0/,background
214193,kikuchiyo,http://creativecommons.org/publicdomain/zero/1.0/,background
214336,zerolagtime,http://creativecommons.org/publicdomain/zero/1.0/,glass_breaking
214516,cocojammin,http://creativecommons.org/licenses/by/3.0/,background
214850,kikuchiyo,http://creativecommons.org/publicdomain/zero/1.0/,background
214854,Bash360,http://creativecommons.org/publicdomain/zero/1.0/,background
214879,Fantozzi,http://creativecommons.org/publicdomain/zero/1.0/,background
214885,Fantozzi,http://creativecommons.org/publicdomain/zero/1.0/,background
215019,Taira Komori,http://creativecommons.org/licenses/by/3.0/,background
215322,Reitanna,http://creativecommons.org/publicdomain/zero/1.0/,background
215324,Reitanna,http://creativecommons.org/publicdomain/zero/1.0/,background
215336,Reitanna,http://creativecommons.org/publicdomain/zero/1.0/,background
215366,Reitanna,http://creativecommons.org/publicdomain/zero/1.0/,background
215594,Taira Komori,http://creativecommons.org/licenses/by/3.0/,background
215599,Taira Komori,http://creativecommons.org/licenses/by/3.0/,background
215842,VKProduktion,http://creativecommons.org/publicdomain/zero/1.0/,background
215960,jess_pfohl,http://creativecommons.org/publicdomain/zero/1.0/,background
215996,brainwaves8,http://creativecommons.org/publicdomain/zero/1.0/,background
215997,brainwaves8,http://creativecommons.org/publicdomain/zero/1.0/,background
216009,brainwaves8,http://creativecommons.org/publicdomain/zero/1.0/,background
216124,hukleesyr,http://creativecommons.org/licenses/by/3.0/,background
216131,hukleesyr,http://creativecommons.org/licenses/by/3.0/,background
216279,RSilveira_88,http://creativecommons.org/licenses/by/3.0/,glass_breaking
216280,RSilveira_88,http://creativecommons.org/licenses/by/3.0/,glass_breaking
216281,RSilveira_88,http://creativecommons.org/licenses/by/3.0/,glass_breaking
216282,RSilveira_88,http://creativecommons.org/licenses/by/3.0/,glass_breaking
216283,RSilveira_88,http://creativecommons.org/licenses/by/3.0/,glass_breaking
216284,RSilveira_88,http://creativecommons.org/licenses/by/3.0/,glass_breaking
216286,RSilveira_88,http://creativecommons.org/licenses/by/3.0/,glass_breaking
216287,RSilveira_88,http://creativecommons.org/licenses/by/3.0/,glass_breaking
216288,RSilveira_88,http://creativecommons.org/licenses/by/3.0/,glass_breaking
216289,RSilveira_88,http://creativecommons.org/licenses/by/3.0/,glass_breaking
216290,RSilveira_88,http://creativecommons.org/licenses/by/3.0/,glass_breaking
216291,RSilveira_88,http://creativecommons.org/licenses/by/3.0/,glass_breaking
216292,RSilveira_88,http://creativecommons.org/licenses/by/3.0/,glass_breaking
216293,RSilveira_88,http://creativecommons.org/licenses/by/3.0/,glass_breaking
216294,RSilveira_88,http://creativecommons.org/licenses/by/3.0/,glass_breaking
216296,RSilveira_88,http://creativecommons.org/licenses/by/3.0/,glass_breaking
216298,RSilveira_88,http://creativecommons.org/licenses/by/3.0/,glass_breaking
216299,RSilveira_88,http://creativecommons.org/licenses/by/3.0/,glass_breaking
216317,RSilveira_88,http://creativecommons.org/licenses/by/3.0/,background
216369,RSilveira_88,http://creativecommons.org/licenses/by/3.0/,background
216397,RSilveira_88,http://creativecommons.org/licenses/by/3.0/,background
216571,qubodup,http://creativecommons.org/licenses/by/3.0/,background
216604,klankbeeld,http://creativecommons.org/licenses/by/3.0/,background
216748,CastIronCarousel,http://creativecommons.org/licenses/by/3.0/,glass_breaking
216757,snikpohneb,http://creativecommons.org/publicdomain/zero/1.0/,background
217004,funkymuskrat,http://creativecommons.org/licenses/by/3.0/,background
21702,cdrk,http://creativecommons.org/licenses/by/3.0/,background
217105,funkymuskrat,http://creativecommons.org/licenses/by/3.0/,background
217388,18hiltc,http://creativecommons.org/publicdomain/zero/1.0/,knock
217391,18hiltc,http://creativecommons.org/publicdomain/zero/1.0/,background
217503,VKProduktion,http://creativecommons.org/publicdomain/zero/1.0/,background
21762,digifishmusic,http://creativecommons.org/licenses/by/3.0/,background
217953,Otakua,http://creativecommons.org/licenses/by/3.0/,background
217967,Otakua,http://creativecommons.org/licenses/by/3.0/,background
218317,SpliceSound,http://creativecommons.org/publicdomain/zero/1.0/,doorbell
218468,vumseplutten1709,http://creativecommons.org/publicdomain/zero/1.0/,background
218474,vumseplutten1709,http://creativecommons.org/publicdomain/zero/1.0/,background
21850,Corsica_S,http://creativecommons.org/licenses/by/3.0/,background
21871,nofeedbak,http://creativecommons.org/licenses/by/3.0/,background
218980,bcimmet,http://creativecommons.org/licenses/by/3.0/,knock
218981,bcimmet,http://creativecommons.org/licenses/by/3.0/,knock
218984,bcimmet,http://creativecommons.org/licenses/by/3.0/,knock
218985,bcimmet,http://creativecommons.org/licenses/by/3.0/,knock
218987,bcimmet,http://creativecommons.org/licenses/by/3.0/,knock
218988,bcimmet,http://creativecommons.org/licenses/by/3.0/,knock
218989,bcimmet,http://creativecommons.org/licenses/by/3.0/,knock
219176,psnflute1984,http://creativecommons.org/publicdomain/zero/1.0/,background
219338,calebowenw,http://creativecommons.org/licenses/by/3.0/,background
21942,dobroide,http://creativecommons.org/licenses/by/3.0/,background
219453,JarredGibb,http://creativecommons.org/publicdomain/zero/1.0/,background
219495,JarredGibb,http://creativecommons.org/publicdomain/zero/1.0/,background
219772,MadamVicious,http://creativecommons.org/publicdomain/zero/1.0/,background
219837,qubodup,http://creativecommons.org/licenses/by/3.0/,glass_breaking
219838,qubodup,http://creativecommons.org/licenses/by/3.0/,glass_breaking
219842,qubodup,http://creativecommons.org/licenses/by/3.0/,glass_breaking
219843,qubodup,http://creativecommons.org/licenses/by/3.0/,glass_breaking
219844,qubodup,http://creativecommons.org/licenses/by/3.0/,glass_breaking
219845,qubodup,http://creativecommons.org/licenses/by/3.0/,glass_breaking
219846,qubodup,http://creativecommons.org/licenses/by/3.0/,glass_breaking
219847,qubodup,http://creativecommons.org/licenses/by/3.0/,glass_breaking
21985,mzinsser,http://creativecommons.org/licenses/by/3.0/,doorbell
21986,mzinsser,http://creativecommons.org/licenses/by/3.0/,doorbell
219903,Otakua,http://creativecommons.org/licenses/by/3.0/,background
219940,qubodup,http://creativecommons.org/licenses/by/3.0/,glass_breaking
220130,JarAxe,http://creativecommons.org/licenses/by/3.0/,background
220146,klankbeeld,http://creativecommons.org/licenses/by/3.0/,background
220365,AlSarcoli007,http://creativecommons.org/licenses/by/3.0/,background
220507,gingersnap9900,http://creativecommons.org/licenses/by/3.0/,background
220844,RobertWulfman,http://creativecommons.org/publicdomain/zero/1.0/,background
220904,rhostik,http://creativecommons.org/publicdomain/zero/1.0/,background
220959,Islabonita,http://creativecommons.org/publicdomain/zero/1.0/,background
221086,AlaskaRobotics,http://creativecommons.org/publicdomain/zero/1.0/,background
221088,AlaskaRobotics,http://creativecommons.org/publicdomain/zero/1.0/,background
221143,dossantosbarbosa,http://creativecommons.org/publicdomain/zero/1.0/,background
221528,unfa,http://creativecommons.org/licenses/by/3.0/,glass_breaking
221531,unfa,http://creativecommons.org/licenses/by/3.0/,glass_breaking
221532,unfa,http://creativecommons.org/licenses/by/3.0/,glass_breaking
221533,unfa,http://creativecommons.org/licenses/by/3.0/,glass_breaking
221541,unfa,http://creativecommons.org/licenses/by/3.0/,background
221678,CraigSnedeker,http://creativecommons.org/publicdomain/zero/1.0/,background
2217,Andrew Duke,http://creativecommons.org/licenses/by/3.0/,background
221733,hasbrouck,http://creativecommons.org/licenses/by/3.0/,background
221907,Huminaatio,http://creativecommons.org/licenses/by/3.0/,background
221909,Huminaatio,http://creativecommons.org/licenses/by/3.0/,background
221951,sonsdebarcelona,http://creativecommons.org/licenses/by/3.0/,background
222192,ajaysm,http://creativecommons.org/licenses/by/3.0/,background
222194,ajaysm,http://creativecommons.org/licenses/by/3.0/,background
222207,ajaysm,http://creativecommons.org/licenses/by/3.0/,background
222208,ajaysm,http://creativecommons.org/licenses/by/3.0/,background
222210,ajaysm,http://creativecommons.org/licenses/by/3.0/,background
222212,ajaysm,http://creativecommons.org/licenses/by/3.0/,background
222223,ajaysm,http://creativecommons.org/licenses/by/3.0/,background
222229,ajaysm,http://creativecommons.org/licenses/by/3.0/,background
222303,ajaysm,http://creativecommons.org/licenses/by/3.0/,background
222304,ajaysm,http://creativecommons.org/licenses/by/3.0/,background
222325,ajaysm,http://creativecommons.org/licenses/by/3.0/,background
222340,ajaysm,http://creativecommons.org/licenses/by/3.0/,background
222348,ajaysm,http://creativecommons.org/licenses/by/3.0/,background
222350,ajaysm,http://creativecommons.org/licenses/by/3.0/,background
222396,Jovica,http://creativecommons.org/licenses/by/3.0/,background
222427,Jovica,http://creativecommons.org/licenses/by/3.0/,background
222808,gthall,http://creativecommons.org/publicdomain/zero/1.0/,background
223284,keweldog,http://creativecommons.org/licenses/by/3.0/,background
223342,jalastram,http://creativecommons.org/publicdomain/zero/1.0/,background
223495,mrgreaper,http://creativecommons.org/licenses/by/3.0/,background
223527,JarAxe,http://creativecommons.org/licenses/by/3.0/,background
223552,captainvince,http://creativecommons.org/licenses/by/3.0/,glass_breaking
223671,FrogPrince79,http://creativecommons.org/publicdomain/zero/1.0/,doorbell
223672,FrogPrince79,http://creativecommons.org/publicdomain/zero/1.0/,doorbell
223673,FrogPrince79,http://creativecommons.org/publicdomain/zero/1.0/,doorbell
223720,bigcat_smauls,http://creativecommons.org/publicdomain/zero/1.0/,background
223918,Corsica_S,http://creativecommons.org/licenses/by/3.0/,background
22862,deleted_user_133379,http://creativecommons.org/licenses/by/3.0/,background
22877,Corsica_S,http://creativecommons.org/licenses/by/3.0/,background
231247,AugustSandberg,http://creativecommons.org/publicdomain/zero/1.0/,background
231890,Godowan,http://creativecommons.org/licenses/by/3.0/,background
231917,insdali,http://creativecommons.org/licenses/by/3.0/,background
231922,insdali,http://creativecommons.org/licenses/by/3.0/,background
232219,sibegg,http://creativecommons.org/licenses/by/3.0/,background
232457,Reitanna,http://creativecommons.org/publicdomain/zero/1.0/,background
232510,arnaump,http://creativecommons.org/publicdomain/zero/1.0/,background
232567,mario81,http://creativecommons.org/publicdomain/zero/1.0/,background
232668,renatofarabeuf,http://creativecommons.org/licenses/by/3.0/,knock
232702,Ottomaani138,http://creativecommons.org/publicdomain/zero/1.0/,background
232915,bmusic92,http://creativecommons.org/publicdomain/zero/1.0/,background
232923,bmusic92,http://creativecommons.org/publicdomain/zero/1.0/,knock
232934,bmusic92,http://creativecommons.org/publicdomain/zero/1.0/,background
233028,Yuroun,http://creativecommons.org/licenses/by/3.0/,background
233125,JarredGibb,http://creativecommons.org/publicdomain/zero/1.0/,background
233136,JarredGibb,http://creativecommons.org/publicdomain/zero/1.0/,background
233151,JarredGibb,http://creativecommons.org/publicdomain/zero/1.0/,background
233244,eduardfrigola,http://creativecommons.org/licenses/by/3.0/,background
233290,ToniTobe,http://creativecommons.org/publicdomain/zero/1.0/,background
233302,ToniTobe,http://creativecommons.org/publicdomain/zero/1.0/,background
233390,laiaoreka,http://creativecommons.org/licenses/by/3.0/,background
233396,laiaoreka,http://creativecommons.org/licenses/by/3.0/,background
233486,aleixcm,http://creativecommons.org/licenses/by/3.0/,knock
233605,Agaxly,http://creativecommons.org/publicdomain/zero/1.0/,glass_breaking
233606,Agaxly,http://creativecommons.org/publicdomain/zero/1.0/,glass_breaking
233607,Agaxly,http://creativecommons.org/publicdomain/zero/1.0/,glass_breaking
233766,TheWorkingBamboo,http://creativecommons.org/publicdomain/zero/1.0/,background
233795,Dlam1991,http://creativecommons.org/publicdomain/zero/1.0/,knock
234086,IvoryBunker,http://creativecommons.org/licenses/by/3.0/,background
234195,Terhen,http://creativecommons.org/licenses/by/3.0/,background
234548,Electroviolence,http://creativecommons.org/publicdomain/zero/1.0/,background
234618,fridobeck,http://creativecommons.org/licenses/by/3.0/,background
234950,Reitanna,http://creativecommons.org/publicdomain/zero/1.0/,background
234974,Reitanna,http://creativecommons.org/publicdomain/zero/1.0/,background
235042,Reitanna,http://creativecommons.org/publicdomain/zero/1.0/,background
235102,Reitanna,http://creativecommons.org/publicdomain/zero/1.0/,background
235103,Reitanna,http://creativecommons.org/publicdomain/zero/1.0/,background
235114,Reitanna,http://creativecommons.org/publicdomain/zero/1.0/,background
235190,xtrgamr,http://creativecommons.org/licenses/by/3.0/,background
235266,Godowan,http://creativecommons.org/publicdomain/zero/1.0/,background
235268,Godowan,http://creativecommons.org/publicdomain/zero/1.0/,background
235279,Godowan,http://creativecommons.org/publicdomain/zero/1.0/,background
235373,jessepash,http://creativecommons.org/licenses/by/3.0/,background
235482,ekfink,http://creativecommons.org/publicdomain/zero/1.0/,background
235495,ekfink,http://creativecommons.org/publicdomain/zero/1.0/,background
235497,ekfink,http://creativecommons.org/publicdomain/zero/1.0/,background
235792,STUDIO BADA,http://creativecommons.org/licenses/by/3.0/,background
236364,bcimmet,http://creativecommons.org/licenses/by/3.0/,background
236368,bcimmet,http://creativecommons.org/licenses/by/3.0/,background
236386,bcimmet,http://creativecommons.org/licenses/by/3.0/,background
236400,bcimmet,http://creativecommons.org/licenses/by/3.0/,background
236417,bcimmet,http://creativecommons.org/licenses/by/3.0/,background
236463,bcimmet,http://creativecommons.org/licenses/by/3.0/,background
236464,bcimmet,http://creativecommons.org/licenses/by/3.0/,background
236477,bcimmet,http://creativecommons.org/licenses/by/3.0/,background
236486,bcimmet,http://creativecommons.org/licenses/by/3.0/,background
236496,bcimmet,http://creativecommons.org/licenses/by/3.0/,background
236553,bcimmet,http://creativecommons.org/licenses/by/3.0/,background
236557,bcimmet,http://creativecommons.org/licenses/by/3.0/,background
236562,bcimmet,http://creativecommons.org/licenses/by/3.0/,background
236598,bcimmet,http://creativecommons.org/licenses/by/3.0/,background
236622,bcimmet,http://creativecommons.org/licenses/by/3.0/,background
236668,bcimmet,http://creativecommons.org/licenses/by/3.0/,background
237152,GiovanniProvenzale,http://creativecommons.org/licenses/by/3.0/,background
237381,squareal,http://creativecommons.org/publicdomain/zero/1.0/,background
23748,NoiseCollector,http://creativecommons.org/licenses/by/3.0/,background
237691,raremess,http://creativecommons.org/publicdomain/zero/1.0/,background
237755,Quistard,http://creativecommons.org/licenses/by/3.0/,background
237937,jankooiker,http://creativecommons.org/publicdomain/zero/1.0/,knock
238570,bronxio,http://creativecommons.org/publicdomain/zero/1.0/,background
238572,bronxio,http://creativecommons.org/publicdomain/zero/1.0/,background
238573,bronxio,http://creativecommons.org/publicdomain/zero/1.0/,background
238638,MadamVicious,http://creativecommons.org/publicdomain/zero/1.0/,background
238702,bronxio,http://creativecommons.org/publicdomain/zero/1.0/,background
238703,bronxio,http://creativecommons.org/publicdomain/zero/1.0/,background
238705,bronxio,http://creativecommons.org/publicdomain/zero/1.0/,background
238727,bronxio,http://creativecommons.org/publicdomain/zero/1.0/,background
238753,arseniiv,http://creativecommons.org/publicdomain/zero/1.0/,background
239067,bronxio,http://creativecommons.org/publicdomain/zero/1.0/,background
239277,hubertmichel,http://creativecommons.org/licenses/by/3.0/,background
239309,hubertmichel,http://creativecommons.org/licenses/by/3.0/,background
239465,bronxio,http://creativecommons.org/publicdomain/zero/1.0/,background
239564,bronxio,http://creativecommons.org/publicdomain/zero/1.0/,background
239577,ryanconway,http://creativecommons.org/licenses/by/3.0/,background
239581,ryanconway,http://creativecommons.org/licenses/by/3.0/,background
239586,ryanconway,http://creativecommons.org/licenses/by/3.0/,background
239664,quartertone,http://creativecommons.org/licenses/by/3.0/,background
239670,quartertone,http://creativecommons.org/licenses/by/3.0/,background
239707,quartertone,http://creativecommons.org/licenses/by/3.0/,background
239718,quartertone,http://creativecommons.org/licenses/by/3.0/,background
239739,quartertone,http://creativecommons.org/licenses/by/3.0/,background
239742,quartertone,http://creativecommons.org/licenses/by/3.0/,background
239756,quartertone,http://creativecommons.org/licenses/by/3.0/,background
239770,quartertone,http://creativecommons.org/licenses/by/3.0/,background
239854,quartertone,http://creativecommons.org/licenses/by/3.0/,background
239876,quartertone,http://creativecommons.org/licenses/by/3.0/,background
239906,jamesabdulrahman,http://creativecommons.org/publicdomain/zero/1.0/,background
240356,mariiao2,http://creativecommons.org/publicdomain/zero/1.0/,background
240365,mariiao2,http://creativecommons.org/publicdomain/zero/1.0/,background
240368,greenvwbeetle,http://creativecommons.org/publicdomain/zero/1.0/,background
240372,mariiao2,http://creativecommons.org/publicdomain/zero/1.0/,baby_crying
240475,Godowan,http://creativecommons.org/publicdomain/zero/1.0/,background
240540,vinjatovix,http://creativecommons.org/licenses/by/3.0/,background
240596,arseniiv,http://creativecommons.org/publicdomain/zero/1.0/,background
24090,dobroide,http://creativecommons.org/licenses/by/3.0/,background
241160,Reitanna,http://creativecommons.org/publicdomain/zero/1.0/,background
241471,Reitanna,http://creativecommons.org/publicdomain/zero/1.0/,background
241497,Reitanna,http://creativecommons.org/publicdomain/zero/1.0/,background
241539,Reitanna,http://creativecommons.org/publicdomain/zero/1.0/,background
241578,Reitanna,http://creativecommons.org/publicdomain/zero/1.0/,background
241591,pushkin,http://creativecommons.org/publicdomain/zero/1.0/,background
241644,skinnytecboy,http://creativecommons.org/licenses/by/3.0/,knock
241651,skinnytecboy,http://creativecommons.org/licenses/by/3.0/,background
241909,kalinkamalinka,http://creativecommons.org/licenses/by/3.0/,background
241942,jamesabdulrahman,http://creativecommons.org/publicdomain/zero/1.0/,background
242014,Samulis,http://creativecommons.org/publicdomain/zero/1.0/,background
242015,Samulis,http://creativecommons.org/publicdomain/zero/1.0/,background
242184,thebrendanbrown,http://creativecommons.org/publicdomain/zero/1.0/,knock
242236,ehohnke,http://creativecommons.org/publicdomain/zero/1.0/,background
242243,ehohnke,http://creativecommons.org/publicdomain/zero/1.0/,background
242494,lwdickens,http://creativecommons.org/publicdomain/zero/1.0/,doorbell
242636,Reitanna,http://creativecommons.org/publicdomain/zero/1.0/,background
242661,Reitanna,http://creativecommons.org/publicdomain/zero/1.0/,background
242683,Reitanna,http://creativecommons.org/publicdomain/zero/1.0/,background
24284,NoiseCollector,http://creativecommons.org/licenses/by/3.0/,background
243555,residentsparking,http://creativecommons.org/publicdomain/zero/1.0/,background
243607,jacobsteel,http://creativecommons.org/licenses/by/3.0/,doorbell
243780,bastipictures,http://creativecommons.org/publicdomain/zero/1.0/,background
244229,OfItAll,http://creativecommons.org/publicdomain/zero/1.0/,background
244238,chewiesmissus,http://creativecommons.org/publicdomain/zero/1.0/,glass_breaking
244243,chewiesmissus,http://creativecommons.org/publicdomain/zero/1.0/,background
244413,Tristan_Lohengrin,http://creativecommons.org/licenses/by/3.0/,background
244797,TheNightingale,http://creativecommons.org/publicdomain/zero/1.0/,background
244807,Meepalicious,http://creativecommons.org/licenses/by/3.0/,background
244951,carlychristensen,http://creativecommons.org/publicdomain/zero/1.0/,background
245024,kwahmah_02,http://creativecommons.org/licenses/by/3.0/,background
245104,deleted_user_4401185,http://creativecommons.org/licenses/by/3.0/,background
245167,deleted_user_4401185,http://creativecommons.org/licenses/by/3.0/,glass_breaking
245311,kwahmah_02,http://creativecommons.org/licenses/by/3.0/,background
245410,Spankous,http://creativecommons.org/publicdomain/zero/1.0/,glass_breaking
245578,waddlesplash,http://creativecommons.org/publicdomain/zero/1.0/,background
245602,unfa,http://creativecommons.org/licenses/by/3.0/,background
245666,TicAshfield,http://creativecommons.org/publicdomain/zero/1.0/,background
245680,TicAshfield,http://creativecommons.org/publicdomain/zero/1.0/,background
245681,TicAshfield,http://creativecommons.org/publicdomain/zero/1.0/,background
245686,TicAshfield,http://creativecommons.org/publicdomain/zero/1.0/,background
245735,2mbst1,http://creativecommons.org/publicdomain/zero/1.0/,background
246273,deleted_user_4401185,http://creativecommons.org/licenses/by/3.0/,glass_breaking
246327,kwahmah_02,http://creativecommons.org/licenses/by/3.0/,background
24642,dobroide,http://creativecommons.org/licenses/by/3.0/,background
246609,MTG,http://creativecommons.org/licenses/by/3.0/,background
246726,MTG,http://creativecommons.org/licenses/by/3.0/,background
246732,MTG,http://creativecommons.org/licenses/by/3.0/,background
246736,MTG,http://creativecommons.org/licenses/by/3.0/,background
246762,MTG,http://creativecommons.org/licenses/by/3.0/,background
246764,MTG,http://creativecommons.org/licenses/by/3.0/,background
246796,MTG,http://creativecommons.org/licenses/by/3.0/,background
246806,MTG,http://creativecommons.org/licenses/by/3.0/,background
246818,MTG,http://creativecommons.org/licenses/by/3.0/,background
246858,MTG,http://creativecommons.org/licenses/by/3.0/,background
246903,MTG,http://creativecommons.org/licenses/by/3.0/,background
246974,MTG,http://creativecommons.org/licenses/by/3.0/,background
246988,MTG,http://creativecommons.org/licenses/by/3.0/,background
247052,MTG,http://creativecommons.org/licenses/by/3.0/,background
247068,MTG,http://creativecommons.org/licenses/by/3.0/,background
247099,MTG,http://creativecommons.org/licenses/by/3.0/,background
247113,MTG,http://creativecommons.org/licenses/by/3.0/,background
247118,MTG,http://creativecommons.org/licenses/by/3.0/,background
247122,MTG,http://creativecommons.org/licenses/by/3.0/,background
247127,MTG,http://creativecommons.org/licenses/by/3.0/,background
247136,MTG,http://creativecommons.org/licenses/by/3.0/,background
247174,MTG,http://creativecommons.org/licenses/by/3.0/,background
247180,MTG,http://creativecommons.org/licenses/by/3.0/,background
247192,MTG,http://creativecommons.org/licenses/by/3.0/,background
247199,MTG,http://creativecommons.org/licenses/by/3.0/,background
247268,MTG,http://creativecommons.org/licenses/by/3.0/,background
247289,MTG,http://creativecommons.org/licenses/by/3.0/,background
247315,MTG,http://creativecommons.org/licenses/by/3.0/,background
247333,MTG,http://creativecommons.org/licenses/by/3.0/,background
247335,MTG,http://creativecommons.org/licenses/by/3.0/,background
247341,MTG,http://creativecommons.org/licenses/by/3.0/,background
247344,MTG,http://creativecommons.org/licenses/by/3.0/,background
247353,MTG,http://creativecommons.org/licenses/by/3.0/,background
247359,MTG,http://creativecommons.org/licenses/by/3.0/,background
247415,MTG,http://creativecommons.org/licenses/by/3.0/,background
247452,MTG,http://creativecommons.org/licenses/by/3.0/,background
247474,MTG,http://creativecommons.org/licenses/by/3.0/,background
247481,MTG,http://creativecommons.org/licenses/by/3.0/,background
247499,MTG,http://creativecommons.org/licenses/by/3.0/,background
247501,MTG,http://creativecommons.org/licenses/by/3.0/,background
247511,MTG,http://creativecommons.org/licenses/by/3.0/,background
247525,MTG,http://creativecommons.org/licenses/by/3.0/,background
247539,MTG,http://creativecommons.org/licenses/by/3.0/,background
247564,MTG,http://creativecommons.org/licenses/by/3.0/,background
247602,MTG,http://creativecommons.org/licenses/by/3.0/,background
247636,MTG,http://creativecommons.org/licenses/by/3.0/,background
247638,MTG,http://creativecommons.org/licenses/by/3.0/,background
247662,MTG,http://creativecommons.org/licenses/by/3.0/,background
247666,MTG,http://creativecommons.org/licenses/by/3.0/,background
247750,MTG,http://creativecommons.org/licenses/by/3.0/,background
247765,MTG,http://creativecommons.org/licenses/by/3.0/,background
247812,MTG,http://creativecommons.org/licenses/by/3.0/,background
247814,MTG,http://creativecommons.org/licenses/by/3.0/,background
247837,MTG,http://creativecommons.org/licenses/by/3.0/,background
247880,MTG,http://creativecommons.org/licenses/by/3.0/,background
247893,MTG,http://creativecommons.org/licenses/by/3.0/,background
247904,MTG,http://creativecommons.org/licenses/by/3.0/,background
247910,MTG,http://creativecommons.org/licenses/by/3.0/,background
247915,MTG,http://creativecommons.org/licenses/by/3.0/,background
247921,MTG,http://creativecommons.org/licenses/by/3.0/,background
247937,MTG,http://creativecommons.org/licenses/by/3.0/,background
247946,MTG,http://creativecommons.org/licenses/by/3.0/,background
24795,reinsamba,http://creativecommons.org/licenses/by/3.0/,background
247951,MTG,http://creativecommons.org/licenses/by/3.0/,background
247956,MTG,http://creativecommons.org/licenses/by/3.0/,background
247961,MTG,http://creativecommons.org/licenses/by/3.0/,background
248176,johnnypanic,http://creativecommons.org/publicdomain/zero/1.0/,background
24821,spt3125,http://creativecommons.org/publicdomain/zero/1.0/,background
248236,JarredGibb,http://creativecommons.org/publicdomain/zero/1.0/,background
248369,MTG,http://creativecommons.org/licenses/by/3.0/,background
248402,MTG,http://creativecommons.org/licenses/by/3.0/,background
248467,MTG,http://creativecommons.org/licenses/by/3.0/,background
248478,MTG,http://creativecommons.org/licenses/by/3.0/,background
248513,MTG,http://creativecommons.org/licenses/by/3.0/,background
248569,MTG,http://creativecommons.org/licenses/by/3.0/,background
248580,MTG,http://creativecommons.org/licenses/by/3.0/,background
248605,MTG,http://creativecommons.org/licenses/by/3.0/,background
248753,MTG,http://creativecommons.org/licenses/by/3.0/,background
248757,MTG,http://creativecommons.org/licenses/by/3.0/,background
248760,MTG,http://creativecommons.org/licenses/by/3.0/,background
248789,MTG,http://creativecommons.org/licenses/by/3.0/,background
248808,MTG,http://creativecommons.org/licenses/by/3.0/,background
248839,MTG,http://creativecommons.org/licenses/by/3.0/,background
248942,MTG,http://creativecommons.org/licenses/by/3.0/,background
248972,MTG,http://creativecommons.org/licenses/by/3.0/,background
249000,MTG,http://creativecommons.org/licenses/by/3.0/,background
249014,MTG,http://creativecommons.org/licenses/by/3.0/,background
249035,MTG,http://creativecommons.org/licenses/by/3.0/,background
249055,MTG,http://creativecommons.org/licenses/by/3.0/,background
249080,MTG,http://creativecommons.org/licenses/by/3.0/,background
249108,MTG,http://creativecommons.org/licenses/by/3.0/,background
249119,MTG,http://creativecommons.org/licenses/by/3.0/,background
249303,kwahmah_02,http://creativecommons.org/licenses/by/3.0/,doorbell
249513,kwahmah_02,http://creativecommons.org/licenses/by/3.0/,background
24967,mich3d,http://creativecommons.org/licenses/by/3.0/,background
249809,spookymodem,http://creativecommons.org/publicdomain/zero/1.0/,background
249873,reddagger,http://creativecommons.org/publicdomain/zero/1.0/,glass_breaking
249874,reddagger,http://creativecommons.org/publicdomain/zero/1.0/,glass_breaking
250090,kdestes,http://creativecommons.org/publicdomain/zero/1.0/,background
250103,phatcorns,http://creativecommons.org/publicdomain/zero/1.0/,background
250195,Emma7073,http://creativecommons.org/publicdomain/zero/1.0/,background
250506,fielastro,http://creativecommons.org/publicdomain/zero/1.0/,background
250539,jhumbucker,http://creativecommons.org/publicdomain/zero/1.0/,knock
250692,Aiwha,http://creativecommons.org/licenses/by/3.0/,background
250709,Aiwha,http://creativecommons.org/licenses/by/3.0/,glass_breaking
250710,Aiwha,http://creativecommons.org/licenses/by/3.0/,glass_breaking
250809,trouxel,http://creativecommons.org/licenses/by/3.0/,background
250923,estefania9,http://creativecommons.org/publicdomain/zero/1.0/,background
2510,funhouse,http://creativecommons.org/licenses/by/3.0/,background
251020,Project16,http://creativecommons.org/licenses/by/3.0/,background
251083,Project16,http://creativecommons.org/licenses/by/3.0/,background
251097,Project16,http://creativecommons.org/licenses/by/3.0/,background
251105,Project16,http://creativecommons.org/licenses/by/3.0/,background
251108,Project16,http://creativecommons.org/licenses/by/3.0/,background
251114,Project16,http://creativecommons.org/licenses/by/3.0/,background
251130,Project16,http://creativecommons.org/licenses/by/3.0/,background
251137,Project16,http://creativecommons.org/licenses/by/3.0/,background
251187,Project16,http://creativecommons.org/licenses/by/3.0/,background
251193,Project16,http://creativecommons.org/licenses/by/3.0/,background
251424,colo777,http://creativecommons.org/publicdomain/zero/1.0/,knock
251426,colo777,http://creativecommons.org/publicdomain/zero/1.0/,knock
251434,colo777,http://creativecommons.org/publicdomain/zero/1.0/,background
251564,Omar Alvarado,http://creativecommons.org/licenses/by/3.0/,background
251629,bmlake,http://creativecommons.org/licenses/by/3.0/,background
251632,bmlake,http://creativecommons.org/licenses/by/3.0/,background
251665,listenaround,http://creativecommons.org/licenses/by/3.0/,background
251759,misosound,http://creativecommons.org/publicdomain/zero/1.0/,background
251788,VKProduktion,http://creativecommons.org/publicdomain/zero/1.0/,background
251963,cliftonmcarlson,http://creativecommons.org/publicdomain/zero/1.0/,background
252224,Reitanna,http://creativecommons.org/publicdomain/zero/1.0/,background
252239,Reitanna,http://creativecommons.org/publicdomain/zero/1.0/,background
252380,GrowingUp,http://creativecommons.org/licenses/by/3.0/,background
252393,GrowingUp,http://creativecommons.org/licenses/by/3.0/,background
252490,GrowingUp,http://creativecommons.org/licenses/by/3.0/,background
252498,GrowingUp,http://creativecommons.org/licenses/by/3.0/,background
252523,GrowingUp,http://creativecommons.org/licenses/by/3.0/,background
252546,GrowingUp,http://creativecommons.org/licenses/by/3.0/,background
252556,GrowingUp,http://creativecommons.org/licenses/by/3.0/,background
252611,GrowingUp,http://creativecommons.org/licenses/by/3.0/,background
252715,xtrgamr,http://creativecommons.org/licenses/by/3.0/,background
252783,xtrgamr,http://creativecommons.org/licenses/by/3.0/,background
253224,poissonmort,http://creativecommons.org/licenses/by/3.0/,background
253250,poissonmort,http://creativecommons.org/licenses/by/3.0/,background
253286,YleArkisto,http://creativecommons.org/licenses/by/3.0/,background
253337,jmayoff,http://creativecommons.org/publicdomain/zero/1.0/,background
253532,Nanakisan,http://creativecommons.org/licenses/by/3.0/,background
253580,P3PP3R,http://creativecommons.org/publicdomain/zero/1.0/,background
253772,Reitanna,http://creativecommons.org/publicdomain/zero/1.0/,background
253841,Jagadamba,http://creativecommons.org/licenses/by/3.0/,background
253982,kwahmah_02,http://creativecommons.org/licenses/by/3.0/,doorbell
253989,kwahmah_02,http://creativecommons.org/licenses/by/3.0/,background
254473,wjoojoo,http://creativecommons.org/licenses/by/3.0/,baby_crying
254474,wjoojoo,http://creativecommons.org/licenses/by/3.0/,baby_crying
254475,wjoojoo,http://creativecommons.org/licenses/by/3.0/,baby_crying
254476,wjoojoo,http://creativecommons.org/licenses/by/3.0/,baby_crying
254477,wjoojoo,http://creativecommons.org/licenses/by/3.0/,baby_crying
254478,wjoojoo,http://creativecommons.org/licenses/by/3.0/,baby_crying
2547,NoiseCollector,http://creativecommons.org/licenses/by/3.0/,background
254721,klankbeeld,http://creativecommons.org/licenses/by/3.0/,glass_breaking
25483,Raggaman,http://creativecommons.org/licenses/by/3.0/,background
254993,klankbeeld,http://creativecommons.org/licenses/by/3.0/,glass_breaking
255009,zuluonedrop,http://creativecommons.org/publicdomain/zero/1.0/,background
255114,klankbeeld,http://creativecommons.org/licenses/by/3.0/,glass_breaking
255182,klankbeeld,http://creativecommons.org/licenses/by/3.0/,glass_breaking
255193,michael_kur95,http://creativecommons.org/licenses/by/3.0/,background
255194,michael_kur95,http://creativecommons.org/licenses/by/3.0/,background
255377,padron,http://creativecommons.org/publicdomain/zero/1.0/,background
255619,spectral9,http://creativecommons.org/publicdomain/zero/1.0/,background
255654,spectral9,http://creativecommons.org/publicdomain/zero/1.0/,background
255688,Samulis,http://creativecommons.org/licenses/by/3.0/,background
255691,Samulis,http://creativecommons.org/licenses/by/3.0/,background
255693,Samulis,http://creativecommons.org/licenses/by/3.0/,background
255699,YleArkisto,http://creativecommons.org/licenses/by/3.0/,background
255850,kwahmah_02,http://creativecommons.org/licenses/by/3.0/,background
255879,Jagadamba,http://creativecommons.org/licenses/by/3.0/,background
256323,abomfim,http://creativecommons.org/licenses/by/3.0/,background
256334,IllusiaProductions,http://creativecommons.org/licenses/by/3.0/,background
256342,Jagadamba,http://creativecommons.org/licenses/by/3.0/,background
256361,Jagadamba,http://creativecommons.org/licenses/by/3.0/,background
256362,Jagadamba,http://creativecommons.org/licenses/by/3.0/,background
256436,HunteR4708,http://creativecommons.org/publicdomain/zero/1.0/,background
256512,HunteR4708,http://creativecommons.org/publicdomain/zero/1.0/,knock
256513,HunteR4708,http://creativecommons.org/publicdomain/zero/1.0/,knock
256778,kwahmah_02,http://creativecommons.org/licenses/by/3.0/,background
256993,klankbeeld,http://creativecommons.org/licenses/by/3.0/,glass_breaking
257026,Jagadamba,http://creativecommons.org/licenses/by/3.0/,background
257368,aberrian,http://creativecommons.org/publicdomain/zero/1.0/,background
257496,klankbeeld,http://creativecommons.org/licenses/by/3.0/,glass_breaking
257550,Jagadamba,http://creativecommons.org/licenses/by/3.0/,background
25770,jim68000,http://creativecommons.org/licenses/by/3.0/,background
257781,xtrgamr,http://creativecommons.org/licenses/by/3.0/,background
257791,klankbeeld,http://creativecommons.org/licenses/by/3.0/,glass_breaking
257792,xtrgamr,http://creativecommons.org/licenses/by/3.0/,background
257904,Yoyodaman234,http://creativecommons.org/publicdomain/zero/1.0/,background
257905,Yoyodaman234,http://creativecommons.org/publicdomain/zero/1.0/,background
25794,bulj,http://creativecommons.org/licenses/by/3.0/,background
257947,Kane53126,http://creativecommons.org/publicdomain/zero/1.0/,background
257959,FillSoko,http://creativecommons.org/publicdomain/zero/1.0/,background
257968,masaki0515,http://creativecommons.org/publicdomain/zero/1.0/,background
258175,kwahmah_02,http://creativecommons.org/licenses/by/3.0/,background
258179,kwahmah_02,http://creativecommons.org/licenses/by/3.0/,background
25912,beymer,http://creativecommons.org/publicdomain/zero/1.0/,background
259309,xtrgamr,http://creativecommons.org/licenses/by/3.0/,background
259606,Stevious42,http://creativecommons.org/licenses/by/3.0/,baby_crying
259608,Stevious42,http://creativecommons.org/licenses/by/3.0/,baby_crying
259609,Stevious42,http://creativecommons.org/licenses/by/3.0/,baby_crying
259610,Stevious42,http://creativecommons.org/licenses/by/3.0/,baby_crying
259674,nooc,http://creativecommons.org/publicdomain/zero/1.0/,background
260121,SpliceSound,http://creativecommons.org/publicdomain/zero/1.0/,background
260395,soneproject,http://creativecommons.org/publicdomain/zero/1.0/,background
260404,soneproject,http://creativecommons.org/publicdomain/zero/1.0/,background
260405,soneproject,http://creativecommons.org/publicdomain/zero/1.0/,background
260432,RoganDerrick,http://creativecommons.org/licenses/by/3.0/,glass_breaking
260433,RoganDerrick,http://creativecommons.org/licenses/by/3.0/,glass_breaking
260434,RoganDerrick,http://creativecommons.org/licenses/by/3.0/,glass_breaking
260476,soneproject,http://creativecommons.org/publicdomain/zero/1.0/,background
260907,jennerallydrawing,http://creativecommons.org/publicdomain/zero/1.0/,background
260959,smokenweewALT,http://creativecommons.org/licenses/by/3.0/,background
261087,magedu,http://creativecommons.org/licenses/by/3.0/,background
261089,JakLocke,http://creativecommons.org/licenses/by/3.0/,background
261090,JakLocke,http://creativecommons.org/licenses/by/3.0/,background
261394,JakLocke,http://creativecommons.org/licenses/by/3.0/,background
26147,WIM,http://creativecommons.org/licenses/by/3.0/,baby_crying
261578,kwahmah_02,http://creativecommons.org/licenses/by/3.0/,background
261585,kwahmah_02,http://creativecommons.org/licenses/by/3.0/,background
26177,WIM,http://creativecommons.org/licenses/by/3.0/,background
262326,coltures,http://creativecommons.org/publicdomain/zero/1.0/,background
262601,MSweeney681,http://creativecommons.org/publicdomain/zero/1.0/,background
262696,iut_Paris8,http://creativecommons.org/publicdomain/zero/1.0/,background
262918,davebassguy,http://creativecommons.org/publicdomain/zero/1.0/,background
263033,arlosims,http://creativecommons.org/publicdomain/zero/1.0/,background
263036,Tee_Hee_Tummy_Tums,http://creativecommons.org/publicdomain/zero/1.0/,background
26336,Staile,http://creativecommons.org/licenses/by/3.0/,background
263483,lwdickens,http://creativecommons.org/publicdomain/zero/1.0/,background
263543,Dpoggioli,http://creativecommons.org/licenses/by/3.0/,background
263668,JuliusMabe,http://creativecommons.org/licenses/by/3.0/,background
263786,isteak,http://creativecommons.org/publicdomain/zero/1.0/,background
263935,cullenmarie,http://creativecommons.org/licenses/by/3.0/,background
263967,scotcampbell,http://creativecommons.org/publicdomain/zero/1.0/,background
264104,kwahmah_02,http://creativecommons.org/licenses/by/3.0/,background
264319,olliehahn12,http://creativecommons.org/publicdomain/zero/1.0/,background
264615,Veiler,http://creativecommons.org/publicdomain/zero/1.0/,background
264653,Michael Klier,http://creativecommons.org/publicdomain/zero/1.0/,background
26469,klikerus,http://creativecommons.org/licenses/by/3.0/,background
264787,johnthewizar,http://creativecommons.org/publicdomain/zero/1.0/,background
265003,sethlind,http://creativecommons.org/publicdomain/zero/1.0/,knock
265034,vikend_ratnik,http://creativecommons.org/publicdomain/zero/1.0/,background
265312,GreekIrish,http://creativecommons.org/publicdomain/zero/1.0/,background
265360,lmr9,http://creativecommons.org/publicdomain/zero/1.0/,background
265544,xtrgamr,http://creativecommons.org/licenses/by/3.0/,background
265755,vacuumfan7072,http://creativecommons.org/publicdomain/zero/1.0/,background
265968,Item_Wars_Creation,http://creativecommons.org/licenses/by/3.0/,knock
265984,Zabuhailo,http://creativecommons.org/licenses/by/3.0/,background
265986,Zabuhailo,http://creativecommons.org/licenses/by/3.0/,background
265988,Zabuhailo,http://creativecommons.org/licenses/by/3.0/,background
266081,Stereo Surgeon,http://creativecommons.org/publicdomain/zero/1.0/,background
266379,EduFigg,http://creativecommons.org/publicdomain/zero/1.0/,background
266424,EduFigg,http://creativecommons.org/publicdomain/zero/1.0/,background
266456,kubriel,http://creativecommons.org/publicdomain/zero/1.0/,background
26646,altemark,http://creativecommons.org/licenses/by/3.0/,background
266463,kubriel,http://creativecommons.org/publicdomain/zero/1.0/,background
266496,kubriel,http://creativecommons.org/publicdomain/zero/1.0/,background
266511,ivolipa,http://creativecommons.org/publicdomain/zero/1.0/,background
266600,SocializedArtist45,http://creativecommons.org/licenses/by/3.0/,knock
266990,SophronsineSoundDesign,http://creativecommons.org/licenses/by/3.0/,background
267020,maquinadeturing,http://creativecommons.org/publicdomain/zero/1.0/,background
267159,contramundum,http://creativecommons.org/publicdomain/zero/1.0/,background
267931,anagar,http://creativecommons.org/publicdomain/zero/1.0/,knock
267956,anagar,http://creativecommons.org/publicdomain/zero/1.0/,background
268018,luckylittleraven,http://creativecommons.org/publicdomain/zero/1.0/,background
268074,skowm001,http://creativecommons.org/licenses/by/3.0/,doorbell
268076,skowm001,http://creativecommons.org/licenses/by/3.0/,doorbell
268126,vate,http://creativecommons.org/publicdomain/zero/1.0/,knock
268178,Philippsfoleys,http://creativecommons.org/licenses/by/3.0/,background
268257,bergice,http://creativecommons.org/publicdomain/zero/1.0/,background
268259,bergice,http://creativecommons.org/publicdomain/zero/1.0/,background
268263,bergice,http://creativecommons.org/publicdomain/zero/1.0/,background
268555,cydon,http://creativecommons.org/publicdomain/zero/1.0/,background
268575,7h3_lark,http://creativecommons.org/publicdomain/zero/1.0/,background
268579,7h3_lark,http://creativecommons.org/publicdomain/zero/1.0/,background
268649,thenis,http://creativecommons.org/publicdomain/zero/1.0/,background
268805,kwahmah_02,http://creativecommons.org/licenses/by/3.0/,background
268851,kwahmah_02,http://creativecommons.org/licenses/by/3.0/,background
268855,kwahmah_02,http://creativecommons.org/licenses/by/3.0/,background
268884,lukas_p,http://creativecommons.org/licenses/by/3.0/,background
268899,bbjvr04,http://creativecommons.org/licenses/by/3.0/,background
268966,kczub,http://creativecommons.org/licenses/by/3.0/,background
26900,VEXST,http://creativecommons.org/licenses/by/3.0/,background
269111,VisualPony,http://creativecommons.org/publicdomain/zero/1.0/,background
269539,milanvdmeer,http://creativecommons.org/licenses/by/3.0/,background
269783,Theriavirra,http://creativecommons.org/licenses/by/3.0/,background
269903,Theriavirra,http://creativecommons.org/licenses/by/3.0/,background
270003,Theriavirra,http://creativecommons.org/licenses/by/3.0/,background
270054,Theriavirra,http://creativecommons.org/licenses/by/3.0/,background
270133,Theriavirra,http://creativecommons.org/licenses/by/3.0/,background
270406,LittleRobotSoundFactory,http://creativecommons.org/licenses/by/3.0/,background
270500,LittleRobotSoundFactory,http://creativecommons.org/licenses/by/3.0/,background
270508,LittleRobotSoundFactory,http://creativecommons.org/licenses/by/3.0/,background
270515,YleArkisto,http://creativecommons.org/licenses/by/3.0/,glass_breaking
270516,YleArkisto,http://creativecommons.org/licenses/by/3.0/,glass_breaking
270517,YleArkisto,http://creativecommons.org/licenses/by/3.0/,glass_breaking
270518,YleArkisto,http://creativecommons.org/licenses/by/3.0/,glass_breaking
270811,YleArkisto,http://creativecommons.org/licenses/by/3.0/,glass_breaking
270815,YleArkisto,http://creativecommons.org/licenses/by/3.0/,glass_breaking
270816,YleArkisto,http://creativecommons.org/licenses/by/3.0/,glass_breaking
271038,FairhavenCollection,http://creativecommons.org/publicdomain/zero/1.0/,background
271152,chriswr,http://creativecommons.org/publicdomain/zero/1.0/,background
271335,InspectorJ,http://creativecommons.org/licenses/by/3.0/,background
271647,AlienXXX,http://creativecommons.org/licenses/by/3.0/,background
272010,Sycopation,http://creativecommons.org/publicdomain/zero/1.0/,background
272028,aldenroth2,http://creativecommons.org/publicdomain/zero/1.0/,background
272065,Bexhillcollege,http://creativecommons.org/publicdomain/zero/1.0/,glass_breaking
27243,csengeri,http://creativecommons.org/licenses/by/3.0/,background
272438,ryanharding95,http://creativecommons.org/publicdomain/zero/1.0/,background
272489,Ferguido,http://creativecommons.org/publicdomain/zero/1.0/,glass_breaking
272539,sturmankin,http://creativecommons.org/publicdomain/zero/1.0/,background
273112,sturmankin,http://creativecommons.org/publicdomain/zero/1.0/,background
273113,sturmankin,http://creativecommons.org/publicdomain/zero/1.0/,background
273384,sturmankin,http://creativecommons.org/publicdomain/zero/1.0/,background
27357,junggle,http://creativecommons.org/licenses/by/3.0/,background
273599,n_audioman,http://creativecommons.org/licenses/by/3.0/,background
273647,qyxs,http://creativecommons.org/publicdomain/zero/1.0/,glass_breaking
273697,thomaspettigrew,http://creativecommons.org/publicdomain/zero/1.0/,background
273719,pfranzen,http://creativecommons.org/licenses/by/3.0/,doorbell
273881,beskhu,http://creativecommons.org/publicdomain/zero/1.0/,background
273886,beskhu,http://creativecommons.org/publicdomain/zero/1.0/,background
273979,superEGsonic,http://creativecommons.org/publicdomain/zero/1.0/,background
274142,u92983,http://creativecommons.org/licenses/by/3.0/,background
274226,ducksingel,http://creativecommons.org/licenses/by/3.0/,background
274256,kwahmah_02,http://creativecommons.org/licenses/by/3.0/,background
274460,conleec,http://creativecommons.org/licenses/by/3.0/,background
274617,daan56,http://creativecommons.org/publicdomain/zero/1.0/,background
274666,BarkersPinhead,http://creativecommons.org/licenses/by/3.0/,background
274679,Badkitty67044,http://creativecommons.org/publicdomain/zero/1.0/,background
274814,BarkersPinhead,http://creativecommons.org/licenses/by/3.0/,knock
274817,BarkersPinhead,http://creativecommons.org/licenses/by/3.0/,background
274872,AlienXXX,http://creativecommons.org/licenses/by/3.0/,background
274890,AlienXXX,http://creativecommons.org/licenses/by/3.0/,background
274943,theshaggyfreak,http://creativecommons.org/licenses/by/3.0/,knock
274978,AlienXXX,http://creativecommons.org/licenses/by/3.0/,background
275068,kwahmah_02,http://creativecommons.org/licenses/by/3.0/,doorbell
275069,kwahmah_02,http://creativecommons.org/licenses/by/3.0/,doorbell
275070,kwahmah_02,http://creativecommons.org/licenses/by/3.0/,doorbell
275071,kwahmah_02,http://creativecommons.org/licenses/by/3.0/,doorbell
275072,kwahmah_02,http://creativecommons.org/licenses/by/3.0/,doorbell
275272,dylanbigdaddy,http://creativecommons.org/publicdomain/zero/1.0/,background
275275,dylanbigdaddy,http://creativecommons.org/publicdomain/zero/1.0/,background
275280,dylanbigdaddy,http://creativecommons.org/publicdomain/zero/1.0/,background
275296,dylanbigdaddy,http://creativecommons.org/publicdomain/zero/1.0/,background
275366,n_audioman,http://creativecommons.org/licenses/by/3.0/,background
275388,metaepitome,http://creativecommons.org/publicdomain/zero/1.0/,background
275494,SophronsineSoundDesign,http://creativecommons.org/licenses/by/3.0/,background
275564,kwahmah_02,http://creativecommons.org/licenses/by/3.0/,doorbell
275565,kwahmah_02,http://creativecommons.org/licenses/by/3.0/,doorbell
275566,kwahmah_02,http://creativecommons.org/licenses/by/3.0/,doorbell
275567,kwahmah_02,http://creativecommons.org/licenses/by/3.0/,doorbell
275568,kwahmah_02,http://creativecommons.org/licenses/by/3.0/,doorbell
275569,kwahmah_02,http://creativecommons.org/licenses/by/3.0/,doorbell
275570,kwahmah_02,http://creativecommons.org/licenses/by/3.0/,doorbell
275571,kwahmah_02,http://creativecommons.org/licenses/by/3.0/,doorbell
275629,hanneswannerberger,http://creativecommons.org/publicdomain/zero/1.0/,doorbell
275652,Me_Is_Chaos,http://creativecommons.org/publicdomain/zero/1.0/,background
275891,n_audioman,http://creativecommons.org/licenses/by/3.0/,background
276001,beskhu,http://creativecommons.org/publicdomain/zero/1.0/,background
276108,LittleRobotSoundFactory,http://creativecommons.org/licenses/by/3.0/,background
276175,LittleRobotSoundFactory,http://creativecommons.org/licenses/by/3.0/,background
276190,LittleRobotSoundFactory,http://creativecommons.org/licenses/by/3.0/,background
276197,LittleRobotSoundFactory,http://creativecommons.org/licenses/by/3.0/,background
276230,LittleRobotSoundFactory,http://creativecommons.org/licenses/by/3.0/,background
276300,beskhu,http://creativecommons.org/publicdomain/zero/1.0/,background
276312,beskhu,http://creativecommons.org/publicdomain/zero/1.0/,background
276615,11linda,http://creativecommons.org/publicdomain/zero/1.0/,background
276802,crispydinner,http://creativecommons.org/publicdomain/zero/1.0/,background
276819,crispydinner,http://creativecommons.org/publicdomain/zero/1.0/,background
276938,gladkiy,http://creativecommons.org/publicdomain/zero/1.0/,glass_breaking
276939,gladkiy,http://creativecommons.org/publicdomain/zero/1.0/,glass_breaking
277011,kwahmah_02,http://creativecommons.org/licenses/by/3.0/,background
277087,beskhu,http://creativecommons.org/publicdomain/zero/1.0/,background
277118,beskhu,http://creativecommons.org/publicdomain/zero/1.0/,background
277237,mrmccormack,http://creativecommons.org/licenses/by/3.0/,background
277302,magedu,http://creativecommons.org/licenses/by/3.0/,background
277507,kwahmah_02,http://creativecommons.org/licenses/by/3.0/,background
277508,kwahmah_02,http://creativecommons.org/licenses/by/3.0/,background
277510,kwahmah_02,http://creativecommons.org/licenses/by/3.0/,doorbell
277596,Coral_Island_Studios,http://creativecommons.org/licenses/by/3.0/,background
278152,kwahmah_02,http://creativecommons.org/licenses/by/3.0/,glass_breaking
278930,sturmankin,http://creativecommons.org/publicdomain/zero/1.0/,background
2790,NoiseCollector,http://creativecommons.org/licenses/by/3.0/,background
280206,SuzyFox,http://creativecommons.org/publicdomain/zero/1.0/,background
28042,bcjordan,http://creativecommons.org/publicdomain/zero/1.0/,background
28338,dobroide,http://creativecommons.org/licenses/by/3.0/,background
28401,ERH,http://creativecommons.org/licenses/by/3.0/,background
28426,Corsica_S,http://creativecommons.org/licenses/by/3.0/,background
28490,simmfoc,http://creativecommons.org/licenses/by/3.0/,background
28590,thanvannispen,http://creativecommons.org/licenses/by/3.0/,background
28630,thanvannispen,http://creativecommons.org/licenses/by/3.0/,background
28777,Corsica_S,http://creativecommons.org/licenses/by/3.0/,background
29593,ERH,http://creativecommons.org/licenses/by/3.0/,background
29643,tweeterdj,http://creativecommons.org/licenses/by/3.0/,background
29679,HerbertBoland,http://creativecommons.org/licenses/by/3.0/,background
29705,HerbertBoland,http://creativecommons.org/licenses/by/3.0/,background
29880,LG,http://creativecommons.org/licenses/by/3.0/,background
29891,LG,http://creativecommons.org/licenses/by/3.0/,background
30085,HerbertBoland,http://creativecommons.org/licenses/by/3.0/,background
30145,johnnypanic,http://creativecommons.org/licenses/by/3.0/,background
30164,HerbertBoland,http://creativecommons.org/licenses/by/3.0/,background
30199,bondegi,http://creativecommons.org/licenses/by/3.0/,background
30250,feveran,http://creativecommons.org/publicdomain/zero/1.0/,background
30368,digifishmusic,http://creativecommons.org/licenses/by/3.0/,glass_breaking
30421,feveran,http://creativecommons.org/publicdomain/zero/1.0/,background
30623,ERH,http://creativecommons.org/licenses/by/3.0/,background
30627,ERH,http://creativecommons.org/licenses/by/3.0/,background
30962,junggle,http://creativecommons.org/licenses/by/3.0/,background
3099,NoiseCollector,http://creativecommons.org/licenses/by/3.0/,background
31133,Streety,http://creativecommons.org/publicdomain/zero/1.0/,doorbell
31145,feveran,http://creativecommons.org/publicdomain/zero/1.0/,background
31360,FreqMan,http://creativecommons.org/licenses/by/3.0/,background
31371,FreqMan,http://creativecommons.org/licenses/by/3.0/,knock
315656,JarAxe,http://creativecommons.org/licenses/by/3.0/,background
315691,acollier123,http://creativecommons.org/licenses/by/3.0/,background
315693,acollier123,http://creativecommons.org/licenses/by/3.0/,background
315758,contramundum,http://creativecommons.org/publicdomain/zero/1.0/,background
31576,dobroide,http://creativecommons.org/licenses/by/3.0/,background
315935,iamslenderman,http://creativecommons.org/publicdomain/zero/1.0/,knock
315939,benjaminharveydesign,http://creativecommons.org/publicdomain/zero/1.0/,background
316041,feelander,http://creativecommons.org/publicdomain/zero/1.0/,background
316411,LittleRobotSoundFactory,http://creativecommons.org/licenses/by/3.0/,background
316440,LittleRobotSoundFactory,http://creativecommons.org/licenses/by/3.0/,background
316575,EpicWizard,http://creativecommons.org/publicdomain/zero/1.0/,background
316578,EpicWizard,http://creativecommons.org/publicdomain/zero/1.0/,background
316598,EpicWizard,http://creativecommons.org/publicdomain/zero/1.0/,background
316631,benjaminharveydesign,http://creativecommons.org/publicdomain/zero/1.0/,background
316646,benjaminharveydesign,http://creativecommons.org/publicdomain/zero/1.0/,background
316682,theneedle.tv,http://creativecommons.org/publicdomain/zero/1.0/,background
31674,junggle,http://creativecommons.org/licenses/by/3.0/,background
31675,junggle,http://creativecommons.org/licenses/by/3.0/,background
316802,kwahmah_02,http://creativecommons.org/licenses/by/3.0/,background
316914,Rudmer_Rotteveel,http://creativecommons.org/publicdomain/zero/1.0/,background
317444,rauliphone,http://creativecommons.org/publicdomain/zero/1.0/,background
317479,Drkvixn91,http://creativecommons.org/publicdomain/zero/1.0/,background
317834,theshaggyfreak,http://creativecommons.org/licenses/by/3.0/,background
317969,deleted_user_2195044,http://creativecommons.org/publicdomain/zero/1.0/,background
317994,deleted_user_2195044,http://creativecommons.org/publicdomain/zero/1.0/,background
318023,deleted_user_2195044,http://creativecommons.org/publicdomain/zero/1.0/,background
318024,deleted_user_2195044,http://creativecommons.org/publicdomain/zero/1.0/,background
318085,Drkvixn91,http://creativecommons.org/publicdomain/zero/1.0/,background
3184,Pingel,http://creativecommons.org/publicdomain/zero/1.0/,background
318614,jephwallace,http://creativecommons.org/publicdomain/zero/1.0/,knock
318892,el-bee,http://creativecommons.org/licenses/by/3.0/,background
318987,themanitou,http://creativecommons.org/publicdomain/zero/1.0/,background
318991,themanitou,http://creativecommons.org/publicdomain/zero/1.0/,background
319040,kwahmah_02,http://creativecommons.org/licenses/by/3.0/,background
319041,kwahmah_02,http://creativecommons.org/licenses/by/3.0/,doorbell
319330,YleArkisto,http://creativecommons.org/licenses/by/3.0/,background
319412,pushkin,http://creativecommons.org/publicdomain/zero/1.0/,background
320128,YleArkisto,http://creativecommons.org/licenses/by/3.0/,glass_breaking
320296,SophronsineSoundDesign,http://creativecommons.org/licenses/by/3.0/,background
320767,wittte,http://creativecommons.org/licenses/by/3.0/,background
321134,elliottmoo,http://creativecommons.org/publicdomain/zero/1.0/,background
321139,jsbarrett,http://creativecommons.org/publicdomain/zero/1.0/,glass_breaking
321143,rodincoil,http://creativecommons.org/publicdomain/zero/1.0/,glass_breaking
32180,junggle,http://creativecommons.org/licenses/by/3.0/,background
32181,junggle,http://creativecommons.org/licenses/by/3.0/,background
321946,n_audioman,http://creativecommons.org/licenses/by/3.0/,background
321978,n_audioman,http://creativecommons.org/licenses/by/3.0/,background
322395,Glitchedtones,http://creativecommons.org/publicdomain/zero/1.0/,background
322602,Natty23,http://creativecommons.org/licenses/by/3.0/,glass_breaking
322603,Natty23,http://creativecommons.org/licenses/by/3.0/,glass_breaking
32296,ERH,http://creativecommons.org/licenses/by/3.0/,knock
32297,ERH,http://creativecommons.org/licenses/by/3.0/,knock
32298,ERH,http://creativecommons.org/licenses/by/3.0/,knock
323041,piermic,http://creativecommons.org/publicdomain/zero/1.0/,background
323056,freesoundjon01,http://creativecommons.org/publicdomain/zero/1.0/,background
323082,LiamG_SFX,http://creativecommons.org/licenses/by/3.0/,background
323125,geraldfiebig,http://creativecommons.org/publicdomain/zero/1.0/,background
323232,scale75,http://creativecommons.org/licenses/by/3.0/,background
323244,scale75,http://creativecommons.org/licenses/by/3.0/,background
323277,scale75,http://creativecommons.org/licenses/by/3.0/,background
323279,scale75,http://creativecommons.org/licenses/by/3.0/,background
323316,alfrodou,http://creativecommons.org/licenses/by/3.0/,background
323357,Senta_Supertramp,http://creativecommons.org/publicdomain/zero/1.0/,background
323419,Sethroph,http://creativecommons.org/publicdomain/zero/1.0/,background
323481,meisterjaan,http://creativecommons.org/licenses/by/3.0/,knock
323510,yugi16dm,http://creativecommons.org/publicdomain/zero/1.0/,background
323532,yugi16dm,http://creativecommons.org/publicdomain/zero/1.0/,background
323711,Reitanna,http://creativecommons.org/publicdomain/zero/1.0/,background
323767,Reitanna,http://creativecommons.org/publicdomain/zero/1.0/,background
324061,Corsica_S,http://creativecommons.org/licenses/by/3.0/,background
324062,Corsica_S,http://creativecommons.org/licenses/by/3.0/,background
324085,piermic,http://creativecommons.org/publicdomain/zero/1.0/,background
324203,brterry,http://creativecommons.org/publicdomain/zero/1.0/,background
324518,Adam_N,http://creativecommons.org/publicdomain/zero/1.0/,background
324537,Adam_N,http://creativecommons.org/publicdomain/zero/1.0/,background
324567,Pedaling Prince,http://creativecommons.org/licenses/by/3.0/,background
324579,univ_lyon3,http://creativecommons.org/licenses/by/3.0/,background
324622,Reino93,http://creativecommons.org/publicdomain/zero/1.0/,background
324624,Reino93,http://creativecommons.org/publicdomain/zero/1.0/,background
324645,YleArkisto,http://creativecommons.org/licenses/by/3.0/,glass_breaking
325093,marlazaro,http://creativecommons.org/licenses/by/3.0/,background
325255,Adam_N,http://creativecommons.org/publicdomain/zero/1.0/,background
325262,Adam_N,http://creativecommons.org/publicdomain/zero/1.0/,background
325349,Purified123,http://creativecommons.org/publicdomain/zero/1.0/,background
325371,n_audioman,http://creativecommons.org/licenses/by/3.0/,background
325373,n_audioman,http://creativecommons.org/licenses/by/3.0/,background
325385,n_audioman,http://creativecommons.org/licenses/by/3.0/,background
325387,n_audioman,http://creativecommons.org/licenses/by/3.0/,background
325389,n_audioman,http://creativecommons.org/licenses/by/3.0/,background
325400,n_audioman,http://creativecommons.org/licenses/by/3.0/,background
326025,SophronsineSoundDesign,http://creativecommons.org/licenses/by/3.0/,background
326027,SophronsineSoundDesign,http://creativecommons.org/licenses/by/3.0/,background
326252,Purified123,http://creativecommons.org/publicdomain/zero/1.0/,background
326368,iospyrakis,http://creativecommons.org/publicdomain/zero/1.0/,background
32642,carrigsound,http://creativecommons.org/publicdomain/zero/1.0/,background
326889,11linda,http://creativecommons.org/licenses/by/3.0/,background
326954,BuddyGuyTrask,http://creativecommons.org/publicdomain/zero/1.0/,background
32711,altemark,http://creativecommons.org/licenses/by/3.0/,background
327852,duuraine,http://creativecommons.org/licenses/by/3.0/,background
32794,NoiseCollector,http://creativecommons.org/licenses/by/3.0/,background
32796,NoiseCollector,http://creativecommons.org/licenses/by/3.0/,background
32849,andialias,http://creativecommons.org/publicdomain/zero/1.0/,background
328611,leandrocordeiro,http://creativecommons.org/publicdomain/zero/1.0/,glass_breaking
328728,ivolipa,http://creativecommons.org/publicdomain/zero/1.0/,background
328746,tubbers,http://creativecommons.org/publicdomain/zero/1.0/,background
329018,JOAQUIND,http://creativecommons.org/licenses/by/3.0/,knock
329032,humanoide7000,http://creativecommons.org/publicdomain/zero/1.0/,background
329052,apolloaiello,http://creativecommons.org/licenses/by/3.0/,background
329369,bassoonrckr,http://creativecommons.org/publicdomain/zero/1.0/,background
329509,guitarmaster,http://creativecommons.org/licenses/by/3.0/,background
329616,LOVEBURD,http://creativecommons.org/publicdomain/zero/1.0/,background
329716,812402,http://creativecommons.org/publicdomain/zero/1.0/,background
329777,speedyrce,http://creativecommons.org/publicdomain/zero/1.0/,background
330319,maycuddlepie,http://creativecommons.org/publicdomain/zero/1.0/,background
330765,n_audioman,http://creativecommons.org/licenses/by/3.0/,background
330900,ChickenMan669,http://creativecommons.org/publicdomain/zero/1.0/,background
33139,mattlohkamp,http://creativecommons.org/licenses/by/3.0/,background
331569,pac007,http://creativecommons.org/publicdomain/zero/1.0/,doorbell
33161,mattlohkamp,http://creativecommons.org/licenses/by/3.0/,background
33165,mattlohkamp,http://creativecommons.org/licenses/by/3.0/,background
331656,Trollarch2,http://creativecommons.org/publicdomain/zero/1.0/,background
332000,achinverma,http://creativecommons.org/publicdomain/zero/1.0/,background
332058,qubodup,http://creativecommons.org/publicdomain/zero/1.0/,background
332173,ivolipa,http://creativecommons.org/publicdomain/zero/1.0/,background
332504,rambler52,http://creativecommons.org/licenses/by/3.0/,background
332858,ondrosik,http://creativecommons.org/licenses/by/3.0/,doorbell
333010,michael_kur95,http://creativecommons.org/licenses/by/3.0/,background
333249,Barnface,http://creativecommons.org/publicdomain/zero/1.0/,background
333723,hammondman,http://creativecommons.org/publicdomain/zero/1.0/,background
333725,hammondman,http://creativecommons.org/publicdomain/zero/1.0/,background
333729,hammondman,http://creativecommons.org/publicdomain/zero/1.0/,background
333747,hammondman,http://creativecommons.org/publicdomain/zero/1.0/,background
333752,hammondman,http://creativecommons.org/publicdomain/zero/1.0/,background
333753,hammondman,http://creativecommons.org/publicdomain/zero/1.0/,background
334208,Sethroph,http://creativecommons.org/publicdomain/zero/1.0/,background
33443,dobroide,http://creativecommons.org/licenses/by/3.0/,background
334433,ebcrosby,http://creativecommons.org/licenses/by/3.0/,background
334541,Teddy_Frost,http://creativecommons.org/publicdomain/zero/1.0/,background
334648,Gr0paru,http://creativecommons.org/publicdomain/zero/1.0/,background
334684,ProjectsU012,http://creativecommons.org/licenses/by/3.0/,background
335176,jorgepotter,http://creativecommons.org/publicdomain/zero/1.0/,background
335181,jorgepotter,http://creativecommons.org/publicdomain/zero/1.0/,background
335224,aifoon,http://creativecommons.org/licenses/by/3.0/,doorbell
335233,Vortichez,http://creativecommons.org/licenses/by/3.0/,baby_crying
335739,cabled_mess,http://creativecommons.org/publicdomain/zero/1.0/,background
335755,j1987,http://creativecommons.org/publicdomain/zero/1.0/,background
335936,newagesoup,http://creativecommons.org/publicdomain/zero/1.0/,background
335952,newagesoup,http://creativecommons.org/publicdomain/zero/1.0/,background
335988,omnisounddesign,http://creativecommons.org/licenses/by/3.0/,knock
336007,Rudmer_Rotteveel,http://creativecommons.org/publicdomain/zero/1.0/,background
336021,agayswan,http://creativecommons.org/publicdomain/zero/1.0/,background
336390,ghaelen,http://creativecommons.org/publicdomain/zero/1.0/,knock
336391,ghaelen,http://creativecommons.org/publicdomain/zero/1.0/,knock
336392,ghaelen,http://creativecommons.org/publicdomain/zero/1.0/,knock
336415,moai15,http://creativecommons.org/publicdomain/zero/1.0/,background
336521,chrillz3r,http://creativecommons.org/publicdomain/zero/1.0/,background
33653,Corsica_S,http://creativecommons.org/licenses/by/3.0/,background
336562,Anthousai,http://creativecommons.org/publicdomain/zero/1.0/,background
336563,Anthousai,http://creativecommons.org/publicdomain/zero/1.0/,background
33670,reinsamba,http://creativecommons.org/licenses/by/3.0/,baby_crying
33671,reinsamba,http://creativecommons.org/licenses/by/3.0/,baby_crying
33672,reinsamba,http://creativecommons.org/licenses/by/3.0/,baby_crying
33673,reinsamba,http://creativecommons.org/licenses/by/3.0/,baby_crying
33689,Corsica_S,http://creativecommons.org/licenses/by/3.0/,background
336891,Lalks,http://creativecommons.org/licenses/by/3.0/,background
336975,shnur_,http://creativecommons.org/publicdomain/zero/1.0/,background
337092,LittleRainySeasons,http://creativecommons.org/licenses/by/3.0/,background
337153,evsecrets,http://creativecommons.org/publicdomain/zero/1.0/,background
337176,Anthousai,http://creativecommons.org/publicdomain/zero/1.0/,background
337228,Anthousai,http://creativecommons.org/publicdomain/zero/1.0/,background
33723,jobro,http://creativecommons.org/licenses/by/3.0/,background
33736,jobro,http://creativecommons.org/licenses/by/3.0/,background
337432,eardeer,http://creativecommons.org/licenses/by/3.0/,background
33746,jobro,http://creativecommons.org/licenses/by/3.0/,background
337471,eardeer,http://creativecommons.org/licenses/by/3.0/,background
337483,eardeer,http://creativecommons.org/licenses/by/3.0/,background
337494,eardeer,http://creativecommons.org/licenses/by/3.0/,background
337500,eardeer,http://creativecommons.org/licenses/by/3.0/,background
33752,jobro,http://creativecommons.org/licenses/by/3.0/,background
338001,wjoojoo,http://creativecommons.org/licenses/by/3.0/,background
338894,Fartmaster666,http://creativecommons.org/licenses/by/3.0/,background
33925,Necrosensual,http://creativecommons.org/publicdomain/zero/1.0/,background
339451,lulyc,http://creativecommons.org/licenses/by/3.0/,background
339652,prodepha,http://creativecommons.org/publicdomain/zero/1.0/,background
339682,azdipu,http://creativecommons.org/publicdomain/zero/1.0/,background
340218,kingof_thelab,http://creativecommons.org/licenses/by/3.0/,background
340240,kingof_thelab,http://creativecommons.org/licenses/by/3.0/,background
340454,rollingmill,http://creativecommons.org/publicdomain/zero/1.0/,background
340462,rollingmill,http://creativecommons.org/publicdomain/zero/1.0/,background
340466,rollingmill,http://creativecommons.org/publicdomain/zero/1.0/,background
340522,mickyman5000,http://creativecommons.org/publicdomain/zero/1.0/,background
340549,mickyman5000,http://creativecommons.org/publicdomain/zero/1.0/,background
340552,mickyman5000,http://creativecommons.org/publicdomain/zero/1.0/,background
340553,mickyman5000,http://creativecommons.org/publicdomain/zero/1.0/,background
340591,mickyman5000,http://creativecommons.org/publicdomain/zero/1.0/,background
34061,Arctura,http://creativecommons.org/licenses/by/3.0/,background
340619,mickyman5000,http://creativecommons.org/publicdomain/zero/1.0/,background
340671,mickyman5000,http://creativecommons.org/publicdomain/zero/1.0/,background
340684,mickyman5000,http://creativecommons.org/publicdomain/zero/1.0/,background
341063,hoerspielgerrit,http://creativecommons.org/publicdomain/zero/1.0/,background
341184,Yoyodaman234,http://creativecommons.org/publicdomain/zero/1.0/,background
341328,Yoyodaman234,http://creativecommons.org/publicdomain/zero/1.0/,background
34133,LG,http://creativecommons.org/licenses/by/3.0/,background
341397,stebbi30000@gmail.com,http://creativecommons.org/publicdomain/zero/1.0/,background
341411,stebbi30000@gmail.com,http://creativecommons.org/publicdomain/zero/1.0/,background
341412,stebbi30000@gmail.com,http://creativecommons.org/publicdomain/zero/1.0/,background
341938,Qwirkie,http://creativecommons.org/publicdomain/zero/1.0/,background
341945,Qwirkie,http://creativecommons.org/publicdomain/zero/1.0/,background
342129,Kingcornz,http://creativecommons.org/licenses/by/3.0/,background
342250,Baldirideltasona,http://creativecommons.org/licenses/by/3.0/,background
342551,Terry93D,http://creativecommons.org/publicdomain/zero/1.0/,knock
342552,Terry93D,http://creativecommons.org/publicdomain/zero/1.0/,knock
34318,james11111,http://creativecommons.org/licenses/by/3.0/,background
34332,marvman,http://creativecommons.org/publicdomain/zero/1.0/,background
343477,YleArkisto,http://creativecommons.org/licenses/by/3.0/,background
343799,zmadyun,http://creativecommons.org/publicdomain/zero/1.0/,background
343849,n3twork,http://creativecommons.org/publicdomain/zero/1.0/,background
343945,Reitanna,http://creativecommons.org/publicdomain/zero/1.0/,background
343985,Reitanna,http://creativecommons.org/publicdomain/zero/1.0/,background
344000,Reitanna,http://creativecommons.org/publicdomain/zero/1.0/,background
344029,Reitanna,http://creativecommons.org/publicdomain/zero/1.0/,background
344118,Bobbsy,http://creativecommons.org/publicdomain/zero/1.0/,background
344216,Terry93D,http://creativecommons.org/publicdomain/zero/1.0/,background
344265,InspectorJ,http://creativecommons.org/licenses/by/3.0/,glass_breaking
344266,InspectorJ,http://creativecommons.org/licenses/by/3.0/,glass_breaking
344267,InspectorJ,http://creativecommons.org/licenses/by/3.0/,glass_breaking
344268,InspectorJ,http://creativecommons.org/licenses/by/3.0/,glass_breaking
344269,InspectorJ,http://creativecommons.org/licenses/by/3.0/,glass_breaking
344270,InspectorJ,http://creativecommons.org/licenses/by/3.0/,glass_breaking
344271,InspectorJ,http://creativecommons.org/licenses/by/3.0/,glass_breaking
344272,InspectorJ,http://creativecommons.org/licenses/by/3.0/,glass_breaking
344296,MusicLegends,http://creativecommons.org/licenses/by/3.0/,background
344353,amholma,http://creativecommons.org/publicdomain/zero/1.0/,background
344424,BMatrix,http://creativecommons.org/publicdomain/zero/1.0/,background
344557,dster777,http://creativecommons.org/publicdomain/zero/1.0/,background
344558,dster777,http://creativecommons.org/publicdomain/zero/1.0/,background
344769,nurinusde,http://creativecommons.org/licenses/by/3.0/,background
345045,11linda,http://creativecommons.org/licenses/by/3.0/,background
345348,iut_Paris8,http://creativecommons.org/publicdomain/zero/1.0/,background
345440,Artmasterrich,http://creativecommons.org/publicdomain/zero/1.0/,background
345459,Artmasterrich,http://creativecommons.org/publicdomain/zero/1.0/,background
345463,Artmasterrich,http://creativecommons.org/publicdomain/zero/1.0/,background
345474,iut_Paris8,http://creativecommons.org/licenses/by/3.0/,knock
345489,Braxen,http://creativecommons.org/publicdomain/zero/1.0/,background
345702,YleArkisto,http://creativecommons.org/licenses/by/3.0/,background
34593,dobroide,http://creativecommons.org/licenses/by/3.0/,background
34599,dobroide,http://creativecommons.org/licenses/by/3.0/,background
346154,suhral,http://creativecommons.org/licenses/by/3.0/,background
346211,InspectorJ,http://creativecommons.org/licenses/by/3.0/,background
346429,drobiumdesign,http://creativecommons.org/licenses/by/3.0/,background
346504,_def,http://creativecommons.org/licenses/by/3.0/,background
346506,_def,http://creativecommons.org/licenses/by/3.0/,background
346663,Adam_N,http://creativecommons.org/publicdomain/zero/1.0/,baby_crying
346682,Adam_N,http://creativecommons.org/publicdomain/zero/1.0/,background
346694,Adam_N,http://creativecommons.org/publicdomain/zero/1.0/,background
346696,Adam_N,http://creativecommons.org/publicdomain/zero/1.0/,background
346787,Dizzy Banjo,http://creativecommons.org/licenses/by/3.0/,background
346789,Dizzy Banjo,http://creativecommons.org/licenses/by/3.0/,background
346812,Dizzy Banjo,http://creativecommons.org/licenses/by/3.0/,background
34692,roubignolle,http://creativecommons.org/licenses/by/3.0/,background
34699,roubignolle,http://creativecommons.org/licenses/by/3.0/,background
347117,Fiditg,http://creativecommons.org/publicdomain/zero/1.0/,background
347216,YleArkisto,http://creativecommons.org/licenses/by/3.0/,doorbell
347217,YleArkisto,http://creativecommons.org/licenses/by/3.0/,doorbell
347496,YleArkisto,http://creativecommons.org/licenses/by/3.0/,glass_breaking
347677,Atkom,http://creativecommons.org/publicdomain/zero/1.0/,doorbell
347752,AlienXXX,http://creativecommons.org/licenses/by/3.0/,background
348034,johnnypanic,http://creativecommons.org/licenses/by/3.0/,background
348084,kingsrow,http://creativecommons.org/publicdomain/zero/1.0/,background
348106,YleArkisto,http://creativecommons.org/licenses/by/3.0/,glass_breaking
34822,-zin-,http://creativecommons.org/licenses/by/3.0/,background
348238,newagesoup,http://creativecommons.org/publicdomain/zero/1.0/,background
348370,FrostyFrost,http://creativecommons.org/publicdomain/zero/1.0/,background
348666,Deganoth,http://creativecommons.org/licenses/by/3.0/,background
348826,Yoyodaman234,http://creativecommons.org/publicdomain/zero/1.0/,background
348870,cabled_mess,http://creativecommons.org/publicdomain/zero/1.0/,background
348873,cabled_mess,http://creativecommons.org/publicdomain/zero/1.0/,background
348875,cabled_mess,http://creativecommons.org/publicdomain/zero/1.0/,background
348880,cabled_mess,http://creativecommons.org/publicdomain/zero/1.0/,background
348906,cabled_mess,http://creativecommons.org/publicdomain/zero/1.0/,background
349084,vyzel_,http://creativecommons.org/publicdomain/zero/1.0/,background
349136,Yoyodaman234,http://creativecommons.org/publicdomain/zero/1.0/,background
349196,Natty23,http://creativecommons.org/licenses/by/3.0/,background
349240,Natty23,http://creativecommons.org/licenses/by/3.0/,glass_breaking
349242,Natty23,http://creativecommons.org/licenses/by/3.0/,knock
349243,Natty23,http://creativecommons.org/licenses/by/3.0/,knock
349244,Natty23,http://creativecommons.org/licenses/by/3.0/,knock
349245,Natty23,http://creativecommons.org/licenses/by/3.0/,knock
349274,Adam_N,http://creativecommons.org/publicdomain/zero/1.0/,background
349284,Adam_N,http://creativecommons.org/publicdomain/zero/1.0/,knock
349285,Adam_N,http://creativecommons.org/publicdomain/zero/1.0/,knock
349286,Adam_N,http://creativecommons.org/publicdomain/zero/1.0/,knock
349287,Adam_N,http://creativecommons.org/publicdomain/zero/1.0/,knock
349288,Adam_N,http://creativecommons.org/publicdomain/zero/1.0/,knock
349289,Adam_N,http://creativecommons.org/publicdomain/zero/1.0/,knock
349290,Adam_N,http://creativecommons.org/publicdomain/zero/1.0/,knock
349291,Adam_N,http://creativecommons.org/publicdomain/zero/1.0/,knock
349292,Adam_N,http://creativecommons.org/publicdomain/zero/1.0/,knock
349293,Adam_N,http://creativecommons.org/publicdomain/zero/1.0/,knock
349294,Adam_N,http://creativecommons.org/publicdomain/zero/1.0/,knock
349295,Adam_N,http://creativecommons.org/publicdomain/zero/1.0/,knock
349296,Adam_N,http://creativecommons.org/publicdomain/zero/1.0/,knock
349297,Adam_N,http://creativecommons.org/publicdomain/zero/1.0/,knock
349298,Adam_N,http://creativecommons.org/publicdomain/zero/1.0/,knock
349299,Adam_N,http://creativecommons.org/publicdomain/zero/1.0/,knock
349301,Adam_N,http://creativecommons.org/publicdomain/zero/1.0/,knock
349302,Adam_N,http://creativecommons.org/publicdomain/zero/1.0/,knock
349303,Adam_N,http://creativecommons.org/publicdomain/zero/1.0/,knock
349304,Adam_N,http://creativecommons.org/publicdomain/zero/1.0/,knock
349305,Adam_N,http://creativecommons.org/publicdomain/zero/1.0/,knock
349306,Adam_N,http://creativecommons.org/publicdomain/zero/1.0/,knock
349307,Adam_N,http://creativecommons.org/publicdomain/zero/1.0/,knock
349308,Adam_N,http://creativecommons.org/publicdomain/zero/1.0/,knock
349309,Adam_N,http://creativecommons.org/publicdomain/zero/1.0/,knock
349310,Adam_N,http://creativecommons.org/publicdomain/zero/1.0/,knock
349331,soundsofawesome,http://creativecommons.org/publicdomain/zero/1.0/,background
349441,snarkhart52,http://creativecommons.org/licenses/by/3.0/,background
349492,astrar,http://creativecommons.org/publicdomain/zero/1.0/,background
349790,kingsrow,http://creativecommons.org/publicdomain/zero/1.0/,background
349794,kingsrow,http://creativecommons.org/publicdomain/zero/1.0/,background
349805,kingsrow,http://creativecommons.org/publicdomain/zero/1.0/,background
349829,kingsrow,http://creativecommons.org/publicdomain/zero/1.0/,background
349905,benjaminharveydesign,http://creativecommons.org/publicdomain/zero/1.0/,glass_breaking
349940,GrowingUp,http://creativecommons.org/publicdomain/zero/1.0/,background
349956,GrowingUp,http://creativecommons.org/publicdomain/zero/1.0/,background
349990,GrowingUp,http://creativecommons.org/publicdomain/zero/1.0/,background
350047,GrowingUp,http://creativecommons.org/publicdomain/zero/1.0/,background
350425,benjaminharveydesign,http://creativecommons.org/publicdomain/zero/1.0/,background
350856,freemaster2,http://creativecommons.org/licenses/by/3.0/,background
350963,NYCCT_SoundDesign,http://creativecommons.org/publicdomain/zero/1.0/,background
351173,Reitanna,http://creativecommons.org/publicdomain/zero/1.0/,background
351539,RICHERlandTV,http://creativecommons.org/licenses/by/3.0/,background
351626,ReiyaManor,http://creativecommons.org/publicdomain/zero/1.0/,background
351711,neagle,http://creativecommons.org/publicdomain/zero/1.0/,background
351876,apolloaiello,http://creativecommons.org/publicdomain/zero/1.0/,background
351914,tec studios,http://creativecommons.org/licenses/by/3.0/,background
352068,cabled_mess,http://creativecommons.org/publicdomain/zero/1.0/,background
352071,cabled_mess,http://creativecommons.org/publicdomain/zero/1.0/,background
352202,InspectorJ,http://creativecommons.org/licenses/by/3.0/,background
352331,xaxas200,http://creativecommons.org/licenses/by/3.0/,glass_breaking
35252,malexmedia,http://creativecommons.org/licenses/by/3.0/,background
352731,j_e_f_f_g,http://creativecommons.org/publicdomain/zero/1.0/,background
353178,allanh15,http://creativecommons.org/publicdomain/zero/1.0/,background
353626,drmarkreuter,http://creativecommons.org/publicdomain/zero/1.0/,glass_breaking
353649,soundatADM,http://creativecommons.org/publicdomain/zero/1.0/,background
353700,deep into perspectives,http://creativecommons.org/publicdomain/zero/1.0/,background
353928,frolickingdp1,http://creativecommons.org/publicdomain/zero/1.0/,glass_breaking
353938,AcousticMemory,http://creativecommons.org/licenses/by/3.0/,background
353956,13NHarri,http://creativecommons.org/licenses/by/3.0/,background
353978,dycmaster,http://creativecommons.org/licenses/by/3.0/,background
354191,MTG,http://creativecommons.org/licenses/by/3.0/,background
354199,MTG,http://creativecommons.org/licenses/by/3.0/,background
354210,MTG,http://creativecommons.org/licenses/by/3.0/,background
354212,MTG,http://creativecommons.org/licenses/by/3.0/,background
354213,MTG,http://creativecommons.org/licenses/by/3.0/,background
354214,MTG,http://creativecommons.org/licenses/by/3.0/,background
354217,MTG,http://creativecommons.org/licenses/by/3.0/,background
35423,Charel Sytze,http://creativecommons.org/licenses/by/3.0/,background
354239,MTG,http://creativecommons.org/licenses/by/3.0/,background
354255,MTG,http://creativecommons.org/licenses/by/3.0/,background
354257,MTG,http://creativecommons.org/licenses/by/3.0/,background
354259,MTG,http://creativecommons.org/licenses/by/3.0/,background
354279,MTG,http://creativecommons.org/licenses/by/3.0/,background
354341,MTG,http://creativecommons.org/licenses/by/3.0/,background
354362,MTG,http://creativecommons.org/licenses/by/3.0/,background
354371,MTG,http://creativecommons.org/licenses/by/3.0/,background
354373,MTG,http://creativecommons.org/licenses/by/3.0/,background
354374,MTG,http://creativecommons.org/licenses/by/3.0/,background
354381,MTG,http://creativecommons.org/licenses/by/3.0/,background
354390,MTG,http://creativecommons.org/licenses/by/3.0/,background
354397,MTG,http://creativecommons.org/licenses/by/3.0/,background
354415,MTG,http://creativecommons.org/licenses/by/3.0/,background
354462,MTG,http://creativecommons.org/licenses/by/3.0/,background
354466,MTG,http://creativecommons.org/licenses/by/3.0/,background
354473,MTG,http://creativecommons.org/licenses/by/3.0/,background
354477,MTG,http://creativecommons.org/licenses/by/3.0/,background
354492,MTG,http://creativecommons.org/licenses/by/3.0/,background
354581,MTG,http://creativecommons.org/licenses/by/3.0/,background
354614,MTG,http://creativecommons.org/licenses/by/3.0/,background
35464,jobro,http://creativecommons.org/licenses/by/3.0/,background
354651,MTG,http://creativecommons.org/licenses/by/3.0/,background
354653,MTG,http://creativecommons.org/licenses/by/3.0/,background
354689,MTG,http://creativecommons.org/licenses/by/3.0/,background
354694,MTG,http://creativecommons.org/licenses/by/3.0/,background
354794,MTG,http://creativecommons.org/licenses/by/3.0/,background
354837,MTG,http://creativecommons.org/licenses/by/3.0/,background
354848,MTG,http://creativecommons.org/licenses/by/3.0/,background
354862,MTG,http://creativecommons.org/licenses/by/3.0/,background
354870,MTG,http://creativecommons.org/licenses/by/3.0/,background
354914,MTG,http://creativecommons.org/licenses/by/3.0/,background
354962,MTG,http://creativecommons.org/licenses/by/3.0/,background
354980,MTG,http://creativecommons.org/licenses/by/3.0/,background
355106,MTG,http://creativecommons.org/licenses/by/3.0/,background
355124,MTG,http://creativecommons.org/licenses/by/3.0/,background
355128,MTG,http://creativecommons.org/licenses/by/3.0/,background
355136,MTG,http://creativecommons.org/licenses/by/3.0/,background
355143,MTG,http://creativecommons.org/licenses/by/3.0/,background
355168,MTG,http://creativecommons.org/licenses/by/3.0/,background
355169,MTG,http://creativecommons.org/licenses/by/3.0/,background
355179,MTG,http://creativecommons.org/licenses/by/3.0/,background
355188,MTG,http://creativecommons.org/licenses/by/3.0/,background
355192,MTG,http://creativecommons.org/licenses/by/3.0/,background
355197,MTG,http://creativecommons.org/licenses/by/3.0/,background
355202,MTG,http://creativecommons.org/licenses/by/3.0/,background
355206,MTG,http://creativecommons.org/licenses/by/3.0/,background
355223,MTG,http://creativecommons.org/licenses/by/3.0/,background
355233,MTG,http://creativecommons.org/licenses/by/3.0/,background
355242,MTG,http://creativecommons.org/licenses/by/3.0/,background
355255,MTG,http://creativecommons.org/licenses/by/3.0/,background
355262,MTG,http://creativecommons.org/licenses/by/3.0/,background
355265,MTG,http://creativecommons.org/licenses/by/3.0/,background
355295,MTG,http://creativecommons.org/licenses/by/3.0/,background
355314,MTG,http://creativecommons.org/licenses/by/3.0/,background
355318,MTG,http://creativecommons.org/licenses/by/3.0/,background
355340,Samgd14,http://creativecommons.org/licenses/by/3.0/,glass_breaking
355757,MTG,http://creativecommons.org/licenses/by/3.0/,background
355813,MTG,http://creativecommons.org/licenses/by/3.0/,background
355904,MTG,http://creativecommons.org/licenses/by/3.0/,background
355922,MTG,http://creativecommons.org/licenses/by/3.0/,background
355937,MTG,http://creativecommons.org/licenses/by/3.0/,background
355955,MTG,http://creativecommons.org/licenses/by/3.0/,background
355970,MTG,http://creativecommons.org/licenses/by/3.0/,background
355976,MTG,http://creativecommons.org/licenses/by/3.0/,background
356037,MTG,http://creativecommons.org/licenses/by/3.0/,background
356042,MTG,http://creativecommons.org/licenses/by/3.0/,background
356081,MTG,http://creativecommons.org/licenses/by/3.0/,background
356119,MTG,http://creativecommons.org/licenses/by/3.0/,background
356156,MTG,http://creativecommons.org/licenses/by/3.0/,background
356163,MTG,http://creativecommons.org/licenses/by/3.0/,background
356417,MTG,http://creativecommons.org/licenses/by/3.0/,background
35643,sandyrb,http://creativecommons.org/licenses/by/3.0/,background
356456,MTG,http://creativecommons.org/licenses/by/3.0/,background
356475,MTG,http://creativecommons.org/licenses/by/3.0/,background
356518,MTG,http://creativecommons.org/licenses/by/3.0/,background
356524,MTG,http://creativecommons.org/licenses/by/3.0/,background
356526,MTG,http://creativecommons.org/licenses/by/3.0/,background
356571,MTG,http://creativecommons.org/licenses/by/3.0/,background
356601,MTG,http://creativecommons.org/licenses/by/3.0/,background
356621,MTG,http://creativecommons.org/licenses/by/3.0/,background
356639,MTG,http://creativecommons.org/licenses/by/3.0/,background
356704,MTG,http://creativecommons.org/licenses/by/3.0/,background
356739,MTG,http://creativecommons.org/licenses/by/3.0/,background
356742,MTG,http://creativecommons.org/licenses/by/3.0/,background
356781,MTG,http://creativecommons.org/licenses/by/3.0/,background
356790,MTG,http://creativecommons.org/licenses/by/3.0/,background
356827,MTG,http://creativecommons.org/licenses/by/3.0/,background
356866,MTG,http://creativecommons.org/licenses/by/3.0/,background
356927,MTG,http://creativecommons.org/licenses/by/3.0/,background
356956,MTG,http://creativecommons.org/licenses/by/3.0/,background
356988,MTG,http://creativecommons.org/licenses/by/3.0/,background
357026,MTG,http://creativecommons.org/licenses/by/3.0/,background
357031,MTG,http://creativecommons.org/licenses/by/3.0/,background
357057,MTG,http://creativecommons.org/licenses/by/3.0/,background
357076,MTG,http://creativecommons.org/licenses/by/3.0/,background
357090,MTG,http://creativecommons.org/licenses/by/3.0/,background
357138,MTG,http://creativecommons.org/licenses/by/3.0/,background
357155,MTG,http://creativecommons.org/licenses/by/3.0/,background
357163,MTG,http://creativecommons.org/licenses/by/3.0/,background
357165,MTG,http://creativecommons.org/licenses/by/3.0/,background
357216,MTG,http://creativecommons.org/licenses/by/3.0/,background
357223,MTG,http://creativecommons.org/licenses/by/3.0/,background
357225,MTG,http://creativecommons.org/licenses/by/3.0/,background
357300,MTG,http://creativecommons.org/licenses/by/3.0/,background
357307,MTG,http://creativecommons.org/licenses/by/3.0/,background
357328,MTG,http://creativecommons.org/licenses/by/3.0/,background
357380,MTG,http://creativecommons.org/licenses/by/3.0/,background
357398,MTG,http://creativecommons.org/licenses/by/3.0/,background
357404,MTG,http://creativecommons.org/licenses/by/3.0/,background
357413,MTG,http://creativecommons.org/licenses/by/3.0/,background
357414,MTG,http://creativecommons.org/licenses/by/3.0/,background
357428,MTG,http://creativecommons.org/licenses/by/3.0/,background
357433,MTG,http://creativecommons.org/licenses/by/3.0/,background
357497,MTG,http://creativecommons.org/licenses/by/3.0/,background
357501,MTG,http://creativecommons.org/licenses/by/3.0/,background
357513,MTG,http://creativecommons.org/licenses/by/3.0/,background
357542,MTG,http://creativecommons.org/licenses/by/3.0/,background
357569,MTG,http://creativecommons.org/licenses/by/3.0/,background
357573,MTG,http://creativecommons.org/licenses/by/3.0/,background
357577,MTG,http://creativecommons.org/licenses/by/3.0/,background
357585,MTG,http://creativecommons.org/licenses/by/3.0/,background
357656,MTG,http://creativecommons.org/licenses/by/3.0/,background
357779,MTG,http://creativecommons.org/licenses/by/3.0/,background
357796,MTG,http://creativecommons.org/licenses/by/3.0/,background
357813,MTG,http://creativecommons.org/licenses/by/3.0/,background
357832,MTG,http://creativecommons.org/licenses/by/3.0/,background
357846,MTG,http://creativecommons.org/licenses/by/3.0/,background
357881,MTG,http://creativecommons.org/licenses/by/3.0/,background
357915,MTG,http://creativecommons.org/licenses/by/3.0/,background
357962,MTG,http://creativecommons.org/licenses/by/3.0/,background
357979,MTG,http://creativecommons.org/licenses/by/3.0/,background
357990,MTG,http://creativecommons.org/licenses/by/3.0/,background
358020,MTG,http://creativecommons.org/licenses/by/3.0/,background
358036,MTG,http://creativecommons.org/licenses/by/3.0/,background
358042,MTG,http://creativecommons.org/licenses/by/3.0/,background
358058,MTG,http://creativecommons.org/licenses/by/3.0/,background
358062,MTG,http://creativecommons.org/licenses/by/3.0/,background
358070,MTG,http://creativecommons.org/licenses/by/3.0/,background
358083,MTG,http://creativecommons.org/licenses/by/3.0/,background
358088,MTG,http://creativecommons.org/licenses/by/3.0/,background
358098,MTG,http://creativecommons.org/licenses/by/3.0/,background
358148,MTG,http://creativecommons.org/licenses/by/3.0/,background
358194,MTG,http://creativecommons.org/licenses/by/3.0/,background
358196,MTG,http://creativecommons.org/licenses/by/3.0/,background
358218,MTG,http://creativecommons.org/licenses/by/3.0/,background
35827,Corsica_S,http://creativecommons.org/licenses/by/3.0/,background
358308,MTG,http://creativecommons.org/licenses/by/3.0/,background
358309,MTG,http://creativecommons.org/licenses/by/3.0/,background
358321,MTG,http://creativecommons.org/licenses/by/3.0/,background
358335,MTG,http://creativecommons.org/licenses/by/3.0/,background
358345,MTG,http://creativecommons.org/licenses/by/3.0/,background
358355,MTG,http://creativecommons.org/licenses/by/3.0/,background
358356,MTG,http://creativecommons.org/licenses/by/3.0/,background
358388,MTG,http://creativecommons.org/licenses/by/3.0/,background
358560,MTG,http://creativecommons.org/licenses/by/3.0/,background
358562,MTG,http://creativecommons.org/licenses/by/3.0/,background
358600,MTG,http://creativecommons.org/licenses/by/3.0/,background
358617,MTG,http://creativecommons.org/licenses/by/3.0/,background
358624,MTG,http://creativecommons.org/licenses/by/3.0/,background
358645,MTG,http://creativecommons.org/licenses/by/3.0/,background
358693,MTG,http://creativecommons.org/licenses/by/3.0/,background
358730,MTG,http://creativecommons.org/licenses/by/3.0/,background
358751,MTG,http://creativecommons.org/licenses/by/3.0/,background
358802,MTG,http://creativecommons.org/licenses/by/3.0/,background
359005,MTG,http://creativecommons.org/licenses/by/3.0/,background
359046,MTG,http://creativecommons.org/licenses/by/3.0/,background
359077,MTG,http://creativecommons.org/licenses/by/3.0/,background
359081,MTG,http://creativecommons.org/licenses/by/3.0/,background
359126,Samgd14,http://creativecommons.org/licenses/by/3.0/,glass_breaking
359142,harveyjnz,http://creativecommons.org/licenses/by/3.0/,background
359211,MTG,http://creativecommons.org/licenses/by/3.0/,background
359251,MTG,http://creativecommons.org/licenses/by/3.0/,background
359267,MTG,http://creativecommons.org/licenses/by/3.0/,background
359326,MTG,http://creativecommons.org/licenses/by/3.0/,background
359377,MTG,http://creativecommons.org/licenses/by/3.0/,background
359404,MTG,http://creativecommons.org/licenses/by/3.0/,background
359417,MTG,http://creativecommons.org/licenses/by/3.0/,background
359440,MTG,http://creativecommons.org/licenses/by/3.0/,background
359464,MTG,http://creativecommons.org/licenses/by/3.0/,background
359512,MTG,http://creativecommons.org/licenses/by/3.0/,background
359519,MTG,http://creativecommons.org/licenses/by/3.0/,background
359537,MTG,http://creativecommons.org/licenses/by/3.0/,background
359602,MTG,http://creativecommons.org/licenses/by/3.0/,background
359628,MTG,http://creativecommons.org/licenses/by/3.0/,background
359641,MTG,http://creativecommons.org/licenses/by/3.0/,background
359647,MTG,http://creativecommons.org/licenses/by/3.0/,background
359659,MTG,http://creativecommons.org/licenses/by/3.0/,background
359681,MTG,http://creativecommons.org/licenses/by/3.0/,background
359699,MTG,http://creativecommons.org/licenses/by/3.0/,background
359703,MTG,http://creativecommons.org/licenses/by/3.0/,background
359743,MTG,http://creativecommons.org/licenses/by/3.0/,background
359747,MTG,http://creativecommons.org/licenses/by/3.0/,background
359775,MTG,http://creativecommons.org/licenses/by/3.0/,background
359776,MTG,http://creativecommons.org/licenses/by/3.0/,background
359800,MTG,http://creativecommons.org/licenses/by/3.0/,background
359825,MTG,http://creativecommons.org/licenses/by/3.0/,background
359859,MTG,http://creativecommons.org/licenses/by/3.0/,background
359936,MTG,http://creativecommons.org/licenses/by/3.0/,background
359955,MTG,http://creativecommons.org/licenses/by/3.0/,background
359967,MTG,http://creativecommons.org/licenses/by/3.0/,background
359979,MTG,http://creativecommons.org/licenses/by/3.0/,background
359994,MTG,http://creativecommons.org/licenses/by/3.0/,background
360052,MTG,http://creativecommons.org/licenses/by/3.0/,background
360060,MTG,http://creativecommons.org/licenses/by/3.0/,background
360077,MTG,http://creativecommons.org/licenses/by/3.0/,background
360088,MTG,http://creativecommons.org/licenses/by/3.0/,background
360097,MTG,http://creativecommons.org/licenses/by/3.0/,background
360113,MTG,http://creativecommons.org/licenses/by/3.0/,background
360131,MTG,http://creativecommons.org/licenses/by/3.0/,background
360174,MTG,http://creativecommons.org/licenses/by/3.0/,background
360300,Kleber_KGF,http://creativecommons.org/publicdomain/zero/1.0/,background
360306,jeffsterxl,http://creativecommons.org/publicdomain/zero/1.0/,background
360328,InspectorJ,http://creativecommons.org/licenses/by/3.0/,background
360473,chrillz3r,http://creativecommons.org/publicdomain/zero/1.0/,background
360481,chrillz3r,http://creativecommons.org/publicdomain/zero/1.0/,knock
360788,dutchlady,http://creativecommons.org/publicdomain/zero/1.0/,background
361399,TaranP,http://creativecommons.org/licenses/by/3.0/,background
361404,richwise,http://creativecommons.org/publicdomain/zero/1.0/,background
361428,black_trillium,http://creativecommons.org/publicdomain/zero/1.0/,background
361442,spalena,http://creativecommons.org/licenses/by/3.0/,background
361455,spalena,http://creativecommons.org/licenses/by/3.0/,background
361564,MatthewWong,http://creativecommons.org/publicdomain/zero/1.0/,doorbell
361575,j_e_f_f_g,http://creativecommons.org/publicdomain/zero/1.0/,background
361584,j_e_f_f_g,http://creativecommons.org/publicdomain/zero/1.0/,background
361585,j_e_f_f_g,http://creativecommons.org/publicdomain/zero/1.0/,background
361685,TaranP,http://creativecommons.org/licenses/by/3.0/,background
36170,ERH,http://creativecommons.org/licenses/by/3.0/,background
361736,lafashion,http://creativecommons.org/publicdomain/zero/1.0/,background
361743,lafashion,http://creativecommons.org/publicdomain/zero/1.0/,background
361761,lafashion,http://creativecommons.org/publicdomain/zero/1.0/,background
361768,lafashion,http://creativecommons.org/publicdomain/zero/1.0/,background
362190,TaranP,http://creativecommons.org/licenses/by/3.0/,background
362196,TaranP,http://creativecommons.org/licenses/by/3.0/,background
362204,TaranP,http://creativecommons.org/licenses/by/3.0/,background
362238,YleArkisto,http://creativecommons.org/licenses/by/3.0/,glass_breaking
362251,DSOADigital,http://creativecommons.org/publicdomain/zero/1.0/,background
362310,YleArkisto,http://creativecommons.org/licenses/by/3.0/,glass_breaking
362429,AlexanderChe,http://creativecommons.org/publicdomain/zero/1.0/,background
36255,sandyrb,http://creativecommons.org/licenses/by/3.0/,background
362633,iamadam19,http://creativecommons.org/publicdomain/zero/1.0/,knock
36270,totalcult,http://creativecommons.org/licenses/by/3.0/,background
36271,totalcult,http://creativecommons.org/licenses/by/3.0/,background
363103,FractalStudios,http://creativecommons.org/publicdomain/zero/1.0/,background
363105,FractalStudios,http://creativecommons.org/publicdomain/zero/1.0/,background
363626,nitsuga94,http://creativecommons.org/publicdomain/zero/1.0/,background
363694,Noedell,http://creativecommons.org/licenses/by/3.0/,background
364106,Rudmer_Rotteveel,http://creativecommons.org/publicdomain/zero/1.0/,background
364458,Samusasi,http://creativecommons.org/publicdomain/zero/1.0/,background
364496,TheLozz,http://creativecommons.org/licenses/by/3.0/,background
364678,pfranzen,http://creativecommons.org/licenses/by/3.0/,knock
364680,pfranzen,http://creativecommons.org/licenses/by/3.0/,knock
364903,TiesWijnen,http://creativecommons.org/publicdomain/zero/1.0/,background
365011,SAUL92,http://creativecommons.org/publicdomain/zero/1.0/,background
365482,Caitlin_100,http://creativecommons.org/publicdomain/zero/1.0/,background
365545,Caitlin_100,http://creativecommons.org/publicdomain/zero/1.0/,background
365615,Caitlin_100,http://creativecommons.org/publicdomain/zero/1.0/,background
365666,univ_lyon3,http://creativecommons.org/licenses/by/3.0/,knock
365667,univ_lyon3,http://creativecommons.org/licenses/by/3.0/,background
365839,univ_lyon3,http://creativecommons.org/licenses/by/3.0/,background
365844,niittymaa,http://creativecommons.org/publicdomain/zero/1.0/,background
365902,univ_lyon3,http://creativecommons.org/licenses/by/3.0/,knock
365903,univ_lyon3,http://creativecommons.org/licenses/by/3.0/,background
366169,Nanakisan,http://creativecommons.org/licenses/by/3.0/,background
366171,Nanakisan,http://creativecommons.org/licenses/by/3.0/,background
367129,pfranzen,http://creativecommons.org/licenses/by/3.0/,knock
367302,dinMonger,http://creativecommons.org/publicdomain/zero/1.0/,background
367533,leewarner,http://creativecommons.org/publicdomain/zero/1.0/,background
367624,FxKid2,http://creativecommons.org/publicdomain/zero/1.0/,glass_breaking
367770,FunWithSound,http://creativecommons.org/licenses/by/3.0/,glass_breaking
367839,YleArkisto,http://creativecommons.org/licenses/by/3.0/,background
36821,csproductions,http://creativecommons.org/publicdomain/zero/1.0/,background
368214,dycmaster,http://creativecommons.org/licenses/by/3.0/,background
368324,JohanDeecke,http://creativecommons.org/licenses/by/3.0/,glass_breaking
368328,JohanDeecke,http://creativecommons.org/licenses/by/3.0/,glass_breaking
368330,JohanDeecke,http://creativecommons.org/licenses/by/3.0/,glass_breaking
368331,JohanDeecke,http://creativecommons.org/licenses/by/3.0/,glass_breaking
368333,JohanDeecke,http://creativecommons.org/licenses/by/3.0/,glass_breaking
368334,JohanDeecke,http://creativecommons.org/licenses/by/3.0/,glass_breaking
368335,JohanDeecke,http://creativecommons.org/licenses/by/3.0/,glass_breaking
368336,JohanDeecke,http://creativecommons.org/licenses/by/3.0/,glass_breaking
368337,JohanDeecke,http://creativecommons.org/licenses/by/3.0/,glass_breaking
368338,JohanDeecke,http://creativecommons.org/licenses/by/3.0/,glass_breaking
368341,JohanDeecke,http://creativecommons.org/licenses/by/3.0/,glass_breaking
368342,JohanDeecke,http://creativecommons.org/licenses/by/3.0/,glass_breaking
368343,JohanDeecke,http://creativecommons.org/licenses/by/3.0/,glass_breaking
368344,JohanDeecke,http://creativecommons.org/licenses/by/3.0/,glass_breaking
368345,JohanDeecke,http://creativecommons.org/licenses/by/3.0/,glass_breaking
368347,JohanDeecke,http://creativecommons.org/licenses/by/3.0/,glass_breaking
368350,JohanDeecke,http://creativecommons.org/licenses/by/3.0/,glass_breaking
368352,JohanDeecke,http://creativecommons.org/licenses/by/3.0/,glass_breaking
368354,JohanDeecke,http://creativecommons.org/licenses/by/3.0/,glass_breaking
368355,JohanDeecke,http://creativecommons.org/licenses/by/3.0/,glass_breaking
368356,JohanDeecke,http://creativecommons.org/licenses/by/3.0/,glass_breaking
368365,nartes,http://creativecommons.org/publicdomain/zero/1.0/,background
368626,DomainHunter,http://creativecommons.org/licenses/by/3.0/,background
368821,RutgerMuller,http://creativecommons.org/publicdomain/zero/1.0/,background
368841,SkyRaeVoicing,http://creativecommons.org/licenses/by/3.0/,background
368905,AcousticMemory,http://creativecommons.org/licenses/by/3.0/,glass_breaking
368917,AcousticMemory,http://creativecommons.org/licenses/by/3.0/,background
368944,AcousticMemory,http://creativecommons.org/licenses/by/3.0/,glass_breaking
369092,newagesoup,http://creativecommons.org/publicdomain/zero/1.0/,background
369095,newagesoup,http://creativecommons.org/publicdomain/zero/1.0/,background
369120,newagesoup,http://creativecommons.org/publicdomain/zero/1.0/,background
369233,laspaziale,http://creativecommons.org/licenses/by/3.0/,background
36938,yacou,http://creativecommons.org/publicdomain/zero/1.0/,background
369574,DomainHunter,http://creativecommons.org/licenses/by/3.0/,background
369610,YleArkisto,http://creativecommons.org/licenses/by/3.0/,background
369847,SpliceSound,http://creativecommons.org/publicdomain/zero/1.0/,background
370314,Pguzzell,http://creativecommons.org/publicdomain/zero/1.0/,background
370899,sjturia,http://creativecommons.org/licenses/by/3.0/,knock
370913,sjturia,http://creativecommons.org/licenses/by/3.0/,knock
370916,sjturia,http://creativecommons.org/licenses/by/3.0/,knock
370919,sjturia,http://creativecommons.org/licenses/by/3.0/,doorbell
370920,sjturia,http://creativecommons.org/licenses/by/3.0/,knock
371074,Iamgiorgio,http://creativecommons.org/publicdomain/zero/1.0/,background
371091,mccormick_iain,http://creativecommons.org/publicdomain/zero/1.0/,glass_breaking
371092,mccormick_iain,http://creativecommons.org/publicdomain/zero/1.0/,glass_breaking
371093,mccormick_iain,http://creativecommons.org/publicdomain/zero/1.0/,glass_breaking
371303,Iamgiorgio,http://creativecommons.org/publicdomain/zero/1.0/,baby_crying
371369,Iamgiorgio,http://creativecommons.org/publicdomain/zero/1.0/,background
371490,tarane468,http://creativecommons.org/publicdomain/zero/1.0/,background
371498,tarane468,http://creativecommons.org/publicdomain/zero/1.0/,background
371583,OwlStorm,http://creativecommons.org/publicdomain/zero/1.0/,background
371619,AcousticMemory,http://creativecommons.org/licenses/by/3.0/,background
371661,AcousticMemory,http://creativecommons.org/licenses/by/3.0/,knock
37174,volivieri,http://creativecommons.org/licenses/by/3.0/,background
371782,Iamgiorgio,http://creativecommons.org/publicdomain/zero/1.0/,doorbell
371786,Iamgiorgio,http://creativecommons.org/publicdomain/zero/1.0/,glass_breaking
371820,Iamgiorgio,http://creativecommons.org/publicdomain/zero/1.0/,background
371839,Iamgiorgio,http://creativecommons.org/publicdomain/zero/1.0/,background
371915,13GPanska_Stanek_Vojtech,http://creativecommons.org/publicdomain/zero/1.0/,background
371919,13GPanska_Stanek_Vojtech,http://creativecommons.org/publicdomain/zero/1.0/,background
372077,morganpurkis,http://creativecommons.org/publicdomain/zero/1.0/,background
372326,SSS_Samples,http://creativecommons.org/licenses/by/3.0/,background
372332,SSS_Samples,http://creativecommons.org/licenses/by/3.0/,background
372334,SSS_Samples,http://creativecommons.org/licenses/by/3.0/,background
372372,SSS_Samples,http://creativecommons.org/licenses/by/3.0/,background
372383,SSS_Samples,http://creativecommons.org/licenses/by/3.0/,background
372396,SSS_Samples,http://creativecommons.org/licenses/by/3.0/,background
372414,SSS_Samples,http://creativecommons.org/licenses/by/3.0/,background
372422,SSS_Samples,http://creativecommons.org/licenses/by/3.0/,background
372467,SSS_Samples,http://creativecommons.org/licenses/by/3.0/,background
372622,Samulis,http://creativecommons.org/publicdomain/zero/1.0/,background
372635,Samulis,http://creativecommons.org/publicdomain/zero/1.0/,background
372645,Samulis,http://creativecommons.org/publicdomain/zero/1.0/,background
372655,Samulis,http://creativecommons.org/publicdomain/zero/1.0/,background
372664,Samulis,http://creativecommons.org/publicdomain/zero/1.0/,background
372672,Samulis,http://creativecommons.org/publicdomain/zero/1.0/,background
372676,Samulis,http://creativecommons.org/publicdomain/zero/1.0/,background
372701,Samulis,http://creativecommons.org/publicdomain/zero/1.0/,background
372715,Samulis,http://creativecommons.org/publicdomain/zero/1.0/,background
372720,Samulis,http://creativecommons.org/publicdomain/zero/1.0/,background
372739,Samulis,http://creativecommons.org/publicdomain/zero/1.0/,background
372740,Samulis,http://creativecommons.org/publicdomain/zero/1.0/,background
372745,Samulis,http://creativecommons.org/publicdomain/zero/1.0/,background
372767,Samulis,http://creativecommons.org/publicdomain/zero/1.0/,background
372794,Samulis,http://creativecommons.org/publicdomain/zero/1.0/,background
372844,Samulis,http://creativecommons.org/publicdomain/zero/1.0/,background
372862,Samulis,http://creativecommons.org/publicdomain/zero/1.0/,background
372917,NoAiOne,http://creativecommons.org/publicdomain/zero/1.0/,knock
372919,shortshorts,http://creativecommons.org/licenses/by/3.0/,glass_breaking
372940,Samulis,http://creativecommons.org/publicdomain/zero/1.0/,background
372959,Samulis,http://creativecommons.org/publicdomain/zero/1.0/,background
372966,Samulis,http://creativecommons.org/publicdomain/zero/1.0/,background
373212,Samulis,http://creativecommons.org/publicdomain/zero/1.0/,background
373239,Samulis,http://creativecommons.org/publicdomain/zero/1.0/,background
373269,Samulis,http://creativecommons.org/publicdomain/zero/1.0/,background
373276,Samulis,http://creativecommons.org/publicdomain/zero/1.0/,background
373278,Samulis,http://creativecommons.org/publicdomain/zero/1.0/,background
373298,Samulis,http://creativecommons.org/publicdomain/zero/1.0/,background
373301,Samulis,http://creativecommons.org/publicdomain/zero/1.0/,background
373302,Samulis,http://creativecommons.org/publicdomain/zero/1.0/,background
373346,Samulis,http://creativecommons.org/publicdomain/zero/1.0/,background
37336,Charel Sytze,http://creativecommons.org/licenses/by/3.0/,background
373365,Samulis,http://creativecommons.org/publicdomain/zero/1.0/,background
373367,Samulis,http://creativecommons.org/publicdomain/zero/1.0/,background
373554,Samulis,http://creativecommons.org/publicdomain/zero/1.0/,background
373562,Samulis,http://creativecommons.org/publicdomain/zero/1.0/,background
373567,Samulis,http://creativecommons.org/publicdomain/zero/1.0/,background
373574,Samulis,http://creativecommons.org/publicdomain/zero/1.0/,background
373588,Samulis,http://creativecommons.org/publicdomain/zero/1.0/,background
373596,Samulis,http://creativecommons.org/publicdomain/zero/1.0/,background
373604,Samulis,http://creativecommons.org/publicdomain/zero/1.0/,background
373611,Samulis,http://creativecommons.org/publicdomain/zero/1.0/,background
373614,Samulis,http://creativecommons.org/publicdomain/zero/1.0/,background
373629,Samulis,http://creativecommons.org/publicdomain/zero/1.0/,background
373636,Samulis,http://creativecommons.org/publicdomain/zero/1.0/,background
373690,Samulis,http://creativecommons.org/publicdomain/zero/1.0/,background
373737,Samulis,http://creativecommons.org/publicdomain/zero/1.0/,background
373827,Samulis,http://creativecommons.org/publicdomain/zero/1.0/,background
373834,Samulis,http://creativecommons.org/publicdomain/zero/1.0/,background
373870,Samulis,http://creativecommons.org/publicdomain/zero/1.0/,background
373875,Samulis,http://creativecommons.org/publicdomain/zero/1.0/,background
373892,Samulis,http://creativecommons.org/publicdomain/zero/1.0/,background
373910,Samulis,http://creativecommons.org/publicdomain/zero/1.0/,background
373914,Samulis,http://creativecommons.org/publicdomain/zero/1.0/,background
373958,Samulis,http://creativecommons.org/publicdomain/zero/1.0/,background
373963,Samulis,http://creativecommons.org/publicdomain/zero/1.0/,background
373976,Samulis,http://creativecommons.org/publicdomain/zero/1.0/,background
374036,Samulis,http://creativecommons.org/publicdomain/zero/1.0/,background
374039,Samulis,http://creativecommons.org/publicdomain/zero/1.0/,background
374048,Samulis,http://creativecommons.org/publicdomain/zero/1.0/,background
374069,Samulis,http://creativecommons.org/publicdomain/zero/1.0/,background
374072,Samulis,http://creativecommons.org/publicdomain/zero/1.0/,background
374074,Samulis,http://creativecommons.org/publicdomain/zero/1.0/,background
374076,Samulis,http://creativecommons.org/publicdomain/zero/1.0/,background
374077,Samulis,http://creativecommons.org/publicdomain/zero/1.0/,background
374078,Samulis,http://creativecommons.org/publicdomain/zero/1.0/,background
374101,Samulis,http://creativecommons.org/publicdomain/zero/1.0/,background
374107,Samulis,http://creativecommons.org/publicdomain/zero/1.0/,background
374121,Samulis,http://creativecommons.org/publicdomain/zero/1.0/,background
374130,Samulis,http://creativecommons.org/publicdomain/zero/1.0/,background
374173,Samulis,http://creativecommons.org/publicdomain/zero/1.0/,background
374193,Samulis,http://creativecommons.org/publicdomain/zero/1.0/,background
374200,Samulis,http://creativecommons.org/publicdomain/zero/1.0/,background
374225,Samulis,http://creativecommons.org/publicdomain/zero/1.0/,background
374250,Samulis,http://creativecommons.org/publicdomain/zero/1.0/,background
374378,Samulis,http://creativecommons.org/publicdomain/zero/1.0/,background
374386,Samulis,http://creativecommons.org/publicdomain/zero/1.0/,background
374410,Samulis,http://creativecommons.org/publicdomain/zero/1.0/,background
374457,Samulis,http://creativecommons.org/publicdomain/zero/1.0/,background
374490,Samulis,http://creativecommons.org/publicdomain/zero/1.0/,background
374512,Samulis,http://creativecommons.org/publicdomain/zero/1.0/,background
374531,Samulis,http://creativecommons.org/publicdomain/zero/1.0/,background
374536,Samulis,http://creativecommons.org/publicdomain/zero/1.0/,background
374539,Samulis,http://creativecommons.org/publicdomain/zero/1.0/,background
374563,Samulis,http://creativecommons.org/publicdomain/zero/1.0/,background
374613,Samulis,http://creativecommons.org/publicdomain/zero/1.0/,background
374710,Samulis,http://creativecommons.org/publicdomain/zero/1.0/,background
374750,Samulis,http://creativecommons.org/publicdomain/zero/1.0/,background
374753,Samulis,http://creativecommons.org/publicdomain/zero/1.0/,background
374754,Samulis,http://creativecommons.org/publicdomain/zero/1.0/,background
374775,Samulis,http://creativecommons.org/publicdomain/zero/1.0/,background
374788,Samulis,http://creativecommons.org/publicdomain/zero/1.0/,background
374800,Samulis,http://creativecommons.org/publicdomain/zero/1.0/,background
374828,Samulis,http://creativecommons.org/publicdomain/zero/1.0/,background
374877,Samulis,http://creativecommons.org/publicdomain/zero/1.0/,background
374896,Samulis,http://creativecommons.org/publicdomain/zero/1.0/,background
375036,Samulis,http://creativecommons.org/publicdomain/zero/1.0/,background
375367,Samulis,http://creativecommons.org/publicdomain/zero/1.0/,background
375411,Samulis,http://creativecommons.org/publicdomain/zero/1.0/,background
375511,Samulis,http://creativecommons.org/publicdomain/zero/1.0/,background
375612,Samulis,http://creativecommons.org/publicdomain/zero/1.0/,background
375696,Samulis,http://creativecommons.org/publicdomain/zero/1.0/,background
375704,Samulis,http://creativecommons.org/publicdomain/zero/1.0/,background
375717,Samulis,http://creativecommons.org/publicdomain/zero/1.0/,background
376197,AlanCat,http://creativecommons.org/publicdomain/zero/1.0/,glass_breaking
376200,Mattix145,http://creativecommons.org/licenses/by/3.0/,background
376586,musicbrain,http://creativecommons.org/licenses/by/3.0/,background
376656,LOVEBURD,http://creativecommons.org/publicdomain/zero/1.0/,background
376657,LOVEBURD,http://creativecommons.org/publicdomain/zero/1.0/,background
376705,fthgurdy,http://creativecommons.org/publicdomain/zero/1.0/,background
376837,13GPanska_Bernard_David,http://creativecommons.org/publicdomain/zero/1.0/,background
376848,13GPanska_Bernard_David,http://creativecommons.org/publicdomain/zero/1.0/,background
377378,SBAudio,http://creativecommons.org/licenses/by/3.0/,background
377390,SBAudio,http://creativecommons.org/licenses/by/3.0/,background
377500,13GPanska_Nalevajko_Filip,http://creativecommons.org/publicdomain/zero/1.0/,knock
377516,13GPanska_Nalevajko_Filip,http://creativecommons.org/publicdomain/zero/1.0/,background
377649,danarobinsondesignsgmailcom,http://creativecommons.org/publicdomain/zero/1.0/,background
377672,danarobinsondesignsgmailcom,http://creativecommons.org/publicdomain/zero/1.0/,background
377674,danarobinsondesignsgmailcom,http://creativecommons.org/publicdomain/zero/1.0/,background
377681,danarobinsondesignsgmailcom,http://creativecommons.org/publicdomain/zero/1.0/,background
377732,danarobinsondesignsgmailcom,http://creativecommons.org/publicdomain/zero/1.0/,background
377842,newagesoup,http://creativecommons.org/licenses/by/3.0/,background
37803,mw_1984,http://creativecommons.org/publicdomain/zero/1.0/,background
378161,swa_,http://creativecommons.org/licenses/by/3.0/,background
378211,fredelisle,http://creativecommons.org/publicdomain/zero/1.0/,background
378270,13GPanska_Jirova_Tereza,http://creativecommons.org/publicdomain/zero/1.0/,background
378272,13GPanska_Jirova_Tereza,http://creativecommons.org/publicdomain/zero/1.0/,background
378285,13GPanska_Langerova_Lucie,http://creativecommons.org/publicdomain/zero/1.0/,glass_breaking
378289,13GPanska_Langerova_Lucie,http://creativecommons.org/publicdomain/zero/1.0/,glass_breaking
378321,13F_Panska_Tlolkova_Matilda,http://creativecommons.org/publicdomain/zero/1.0/,glass_breaking
378330,13F_Panska_Tlolkova_Matilda,http://creativecommons.org/publicdomain/zero/1.0/,background
378331,13F_Panska_Tlolkova_Matilda,http://creativecommons.org/publicdomain/zero/1.0/,background
378332,13F_Panska_Tlolkova_Matilda,http://creativecommons.org/publicdomain/zero/1.0/,background
378342,13FPanska_Mikova_Adela,http://creativecommons.org/publicdomain/zero/1.0/,background
378402,13FPanska_Stranska_Michaela,http://creativecommons.org/publicdomain/zero/1.0/,background
378564,morganpurkis,http://creativecommons.org/publicdomain/zero/1.0/,background
378590,13GPanska_Tatar_Filip,http://creativecommons.org/licenses/by/3.0/,background
378632,13FPanska_Kolar_Jan,http://creativecommons.org/publicdomain/zero/1.0/,background
378643,13FPanska_Kolar_Jan,http://creativecommons.org/publicdomain/zero/1.0/,background
378680,13FPanská_Tolar_David,http://creativecommons.org/publicdomain/zero/1.0/,background
378740,MonkeyFacebook532,http://creativecommons.org/licenses/by/3.0/,knock
378742,MonkeyFacebook532,http://creativecommons.org/licenses/by/3.0/,knock
379015,13FPanska_Cerny_Jan,http://creativecommons.org/publicdomain/zero/1.0/,glass_breaking
379068,13FPanska_Beringer_David,http://creativecommons.org/publicdomain/zero/1.0/,background
379142,13GPanska_Novakova_Klara,http://creativecommons.org/publicdomain/zero/1.0/,background
379234,westington,http://creativecommons.org/publicdomain/zero/1.0/,background
379258,AdamsArchive,http://creativecommons.org/licenses/by/3.0/,background
379375,13FPanska_Sychra_Petr,http://creativecommons.org/publicdomain/zero/1.0/,background
379378,TheDCHeck,http://creativecommons.org/publicdomain/zero/1.0/,background
379393,an2netto,http://creativecommons.org/publicdomain/zero/1.0/,background
379395,an2netto,http://creativecommons.org/publicdomain/zero/1.0/,background
379755,MicrosoftSam,http://creativecommons.org/licenses/by/3.0/,background
379757,MicrosoftSam,http://creativecommons.org/licenses/by/3.0/,background
379887,13GPanska_Markova_Lucie,http://creativecommons.org/publicdomain/zero/1.0/,background
379889,13GPanska_Markova_Lucie,http://creativecommons.org/publicdomain/zero/1.0/,background
379994,DeltaTaf,http://creativecommons.org/publicdomain/zero/1.0/,background
380000,GioMilko,http://creativecommons.org/licenses/by/3.0/,background
380047,Hoerspielwerkstatt_HEF,http://creativecommons.org/licenses/by/3.0/,background
380670,simgo,http://creativecommons.org/publicdomain/zero/1.0/,background
380840,Getos,http://creativecommons.org/publicdomain/zero/1.0/,glass_breaking
380941,mricken1,http://creativecommons.org/publicdomain/zero/1.0/,background
381208,bkinder42,http://creativecommons.org/licenses/by/3.0/,background
381372,FunWithSound,http://creativecommons.org/publicdomain/zero/1.0/,background
381374,FunWithSound,http://creativecommons.org/publicdomain/zero/1.0/,background
381456,pjcohen,http://creativecommons.org/publicdomain/zero/1.0/,background
381470,pjcohen,http://creativecommons.org/publicdomain/zero/1.0/,background
381481,pjcohen,http://creativecommons.org/publicdomain/zero/1.0/,background
381488,pjcohen,http://creativecommons.org/publicdomain/zero/1.0/,background
381497,pjcohen,http://creativecommons.org/publicdomain/zero/1.0/,background
381893,marsebastia,http://creativecommons.org/licenses/by/3.0/,background
381894,marsebastia,http://creativecommons.org/licenses/by/3.0/,background
381963,stiffman,http://creativecommons.org/licenses/by/3.0/,background
382495,lomographicmusic,http://creativecommons.org/licenses/by/3.0/,background
382529,lomographicmusic,http://creativecommons.org/licenses/by/3.0/,background
382537,lomographicmusic,http://creativecommons.org/licenses/by/3.0/,background
382665,bbrocer,http://creativecommons.org/publicdomain/zero/1.0/,background
382669,bbrocer,http://creativecommons.org/publicdomain/zero/1.0/,background
382743,cabled_mess,http://creativecommons.org/publicdomain/zero/1.0/,background
382807,pjcohen,http://creativecommons.org/licenses/by/3.0/,background
382808,pjcohen,http://creativecommons.org/licenses/by/3.0/,background
382812,pjcohen,http://creativecommons.org/licenses/by/3.0/,background
382818,pjcohen,http://creativecommons.org/licenses/by/3.0/,background
382822,pjcohen,http://creativecommons.org/licenses/by/3.0/,background
382829,pjcohen,http://creativecommons.org/licenses/by/3.0/,background
382870,pjcohen,http://creativecommons.org/licenses/by/3.0/,background
382888,pjcohen,http://creativecommons.org/licenses/by/3.0/,background
383073,pfranzen,http://creativecommons.org/licenses/by/3.0/,background
383558,pjcohen,http://creativecommons.org/publicdomain/zero/1.0/,background
383571,pjcohen,http://creativecommons.org/publicdomain/zero/1.0/,background
383633,pjcohen,http://creativecommons.org/publicdomain/zero/1.0/,background
383643,pjcohen,http://creativecommons.org/publicdomain/zero/1.0/,background
383644,pjcohen,http://creativecommons.org/publicdomain/zero/1.0/,background
383668,pjcohen,http://creativecommons.org/publicdomain/zero/1.0/,background
383679,pjcohen,http://creativecommons.org/publicdomain/zero/1.0/,background
383680,pjcohen,http://creativecommons.org/publicdomain/zero/1.0/,background
383685,pjcohen,http://creativecommons.org/publicdomain/zero/1.0/,background
383686,pjcohen,http://creativecommons.org/publicdomain/zero/1.0/,background
383694,pjcohen,http://creativecommons.org/publicdomain/zero/1.0/,background
383709,pjcohen,http://creativecommons.org/publicdomain/zero/1.0/,background
383976,Marianne9876,http://creativecommons.org/publicdomain/zero/1.0/,doorbell
383978,ChrisReierson,http://creativecommons.org/licenses/by/3.0/,glass_breaking
383988,ChrisReierson,http://creativecommons.org/licenses/by/3.0/,glass_breaking
384033,ChrisReierson,http://creativecommons.org/licenses/by/3.0/,background
384141,hypernovajm,http://creativecommons.org/publicdomain/zero/1.0/,background
384200,sforsman,http://creativecommons.org/licenses/by/3.0/,background
38465,marvman,http://creativecommons.org/publicdomain/zero/1.0/,background
38472,marvman,http://creativecommons.org/publicdomain/zero/1.0/,background
385829,TyLean,http://creativecommons.org/licenses/by/3.0/,background
38597,IFartInUrGeneralDirection,http://creativecommons.org/licenses/by/3.0/,background
386119,ldezem,http://creativecommons.org/publicdomain/zero/1.0/,background
386123,ldezem,http://creativecommons.org/publicdomain/zero/1.0/,background
386132,ldezem,http://creativecommons.org/publicdomain/zero/1.0/,background
386182,ldezem,http://creativecommons.org/publicdomain/zero/1.0/,background
386206,ldezem,http://creativecommons.org/publicdomain/zero/1.0/,background
386249,ldezem,http://creativecommons.org/publicdomain/zero/1.0/,background
386292,ldezem,http://creativecommons.org/publicdomain/zero/1.0/,background
386372,ldezem,http://creativecommons.org/publicdomain/zero/1.0/,background
386436,giddster,http://creativecommons.org/publicdomain/zero/1.0/,background
386510,iimck,http://creativecommons.org/licenses/by/3.0/,background
387177,pfranzen,http://creativecommons.org/licenses/by/3.0/,glass_breaking
387239,The_Funktasm,http://creativecommons.org/licenses/by/3.0/,background
387349,CosmicEmbers,http://creativecommons.org/licenses/by/3.0/,glass_breaking
387522,klankbeeld,http://creativecommons.org/licenses/by/3.0/,background
387537,Soundwarf,http://creativecommons.org/publicdomain/zero/1.0/,background
387688,Jagadamba,http://creativecommons.org/licenses/by/3.0/,background
387771,Jagadamba,http://creativecommons.org/licenses/by/3.0/,background
387774,Jagadamba,http://creativecommons.org/licenses/by/3.0/,background
387924,Aegersum,http://creativecommons.org/publicdomain/zero/1.0/,background
388310,jmdh,http://creativecommons.org/publicdomain/zero/1.0/,background
388311,jmdh,http://creativecommons.org/publicdomain/zero/1.0/,background
388391,maadmacs,http://creativecommons.org/publicdomain/zero/1.0/,background
388479,bbrocer,http://creativecommons.org/publicdomain/zero/1.0/,background
388518,singingmonk02,http://creativecommons.org/publicdomain/zero/1.0/,background
388547,totalcult,http://creativecommons.org/publicdomain/zero/1.0/,background
388686,totalcult,http://creativecommons.org/publicdomain/zero/1.0/,background
388688,totalcult,http://creativecommons.org/publicdomain/zero/1.0/,background
388899,Australopithecusman,http://creativecommons.org/licenses/by/3.0/,background
38910,sandyrb,http://creativecommons.org/licenses/by/3.0/,background
389238,pugaeme,http://creativecommons.org/licenses/by/3.0/,background
389299,ThemaggotR,http://creativecommons.org/licenses/by/3.0/,background
389300,ThemaggotR,http://creativecommons.org/licenses/by/3.0/,background
389497,juanlopz08,http://creativecommons.org/licenses/by/3.0/,background
389541,J0hnLang,http://creativecommons.org/publicdomain/zero/1.0/,background
389548,J0hnLang,http://creativecommons.org/publicdomain/zero/1.0/,background
389604,KeeKee,http://creativecommons.org/publicdomain/zero/1.0/,background
389657,TylerAM,http://creativecommons.org/publicdomain/zero/1.0/,background
389742,BoredtoInsanity,http://creativecommons.org/publicdomain/zero/1.0/,background
389774,YleArkisto,http://creativecommons.org/licenses/by/3.0/,baby_crying
389793,krnash,http://creativecommons.org/publicdomain/zero/1.0/,glass_breaking
389798,krnash,http://creativecommons.org/publicdomain/zero/1.0/,knock
389804,krnash,http://creativecommons.org/publicdomain/zero/1.0/,glass_breaking
39010,volivieri,http://creativecommons.org/licenses/by/3.0/,background
390136,iut_Paris8,http://creativecommons.org/licenses/by/3.0/,background
390143,iut_Paris8,http://creativecommons.org/licenses/by/3.0/,background
390156,iut_Paris8,http://creativecommons.org/publicdomain/zero/1.0/,baby_crying
390658,iut_Paris8,http://creativecommons.org/publicdomain/zero/1.0/,baby_crying
390700,FunWithSound,http://creativecommons.org/licenses/by/3.0/,glass_breaking
390701,FunWithSound,http://creativecommons.org/licenses/by/3.0/,glass_breaking
390702,FunWithSound,http://creativecommons.org/licenses/by/3.0/,glass_breaking
390703,FunWithSound,http://creativecommons.org/licenses/by/3.0/,glass_breaking
390704,FunWithSound,http://creativecommons.org/licenses/by/3.0/,glass_breaking
390705,FunWithSound,http://creativecommons.org/licenses/by/3.0/,glass_breaking
390706,FunWithSound,http://creativecommons.org/licenses/by/3.0/,glass_breaking
390707,FunWithSound,http://creativecommons.org/licenses/by/3.0/,glass_breaking
390708,FunWithSound,http://creativecommons.org/licenses/by/3.0/,glass_breaking
390709,FunWithSound,http://creativecommons.org/licenses/by/3.0/,glass_breaking
390714,FunWithSound,http://creativecommons.org/licenses/by/3.0/,glass_breaking
390715,FunWithSound,http://creativecommons.org/licenses/by/3.0/,glass_breaking
390716,FunWithSound,http://creativecommons.org/licenses/by/3.0/,glass_breaking
390718,FunWithSound,http://creativecommons.org/licenses/by/3.0/,glass_breaking
390719,FunWithSound,http://creativecommons.org/licenses/by/3.0/,glass_breaking
390720,FunWithSound,http://creativecommons.org/licenses/by/3.0/,glass_breaking
390721,FunWithSound,http://creativecommons.org/licenses/by/3.0/,glass_breaking
390722,FunWithSound,http://creativecommons.org/licenses/by/3.0/,glass_breaking
390723,FunWithSound,http://creativecommons.org/licenses/by/3.0/,glass_breaking
390725,FunWithSound,http://creativecommons.org/licenses/by/3.0/,glass_breaking
390726,FunWithSound,http://creativecommons.org/licenses/by/3.0/,glass_breaking
390727,FunWithSound,http://creativecommons.org/licenses/by/3.0/,glass_breaking
390728,FunWithSound,http://creativecommons.org/licenses/by/3.0/,glass_breaking
390729,FunWithSound,http://creativecommons.org/licenses/by/3.0/,glass_breaking
390826,nickyg11p,http://creativecommons.org/publicdomain/zero/1.0/,background
391181,gumballworld,http://creativecommons.org/publicdomain/zero/1.0/,baby_crying
391358,guamorims,http://creativecommons.org/publicdomain/zero/1.0/,background
391966,ssierra1202,http://creativecommons.org/publicdomain/zero/1.0/,background
392158,vsipereck,http://creativecommons.org/publicdomain/zero/1.0/,background
392244,ElsaRp,http://creativecommons.org/licenses/by/3.0/,background
392398,TheMineWay,http://creativecommons.org/publicdomain/zero/1.0/,background
392997,josecruz98,http://creativecommons.org/publicdomain/zero/1.0/,background
393342,jhx4mp,http://creativecommons.org/publicdomain/zero/1.0/,background
393425,nektaria909,http://creativecommons.org/publicdomain/zero/1.0/,background
393458,rafaelawho,http://creativecommons.org/publicdomain/zero/1.0/,background
393667,chripei,http://creativecommons.org/publicdomain/zero/1.0/,background
393769,nektaria909,http://creativecommons.org/publicdomain/zero/1.0/,baby_crying
393794,ObieDaz,http://creativecommons.org/licenses/by/3.0/,background
393911,Pogmog,http://creativecommons.org/publicdomain/zero/1.0/,background
394351,jalastram,http://creativecommons.org/licenses/by/3.0/,background
394403,dobroide,http://creativecommons.org/licenses/by/3.0/,background
394436,InspectorJ,http://creativecommons.org/licenses/by/3.0/,background
394437,InspectorJ,http://creativecommons.org/licenses/by/3.0/,background
394449,InspectorJ,http://creativecommons.org/licenses/by/3.0/,background
394453,InspectorJ,http://creativecommons.org/licenses/by/3.0/,background
394657,AGC66,http://creativecommons.org/publicdomain/zero/1.0/,background
394753,loberg77,http://creativecommons.org/publicdomain/zero/1.0/,background
394754,jovanovich,http://creativecommons.org/publicdomain/zero/1.0/,background
39517,Corsica_S,http://creativecommons.org/licenses/by/3.0/,background
39521,Corsica_S,http://creativecommons.org/licenses/by/3.0/,background
395245,AGC66,http://creativecommons.org/publicdomain/zero/1.0/,background
395282,Sejebel,http://creativecommons.org/publicdomain/zero/1.0/,knock
395339,ihitokage,http://creativecommons.org/publicdomain/zero/1.0/,background
395407,LittleRainySeasons,http://creativecommons.org/licenses/by/3.0/,background
395807,magedu,http://creativecommons.org/licenses/by/3.0/,background
396048,rezidentevil,http://creativecommons.org/publicdomain/zero/1.0/,background
396280,pfranzen,http://creativecommons.org/licenses/by/3.0/,knock
396427,Joedozer,http://creativecommons.org/publicdomain/zero/1.0/,background
396428,Joedozer,http://creativecommons.org/publicdomain/zero/1.0/,background
397608,swordofkings128,http://creativecommons.org/publicdomain/zero/1.0/,background
3977,NoiseCollector,http://creativecommons.org/licenses/by/3.0/,background
398111,toadpuppy,http://creativecommons.org/licenses/by/3.0/,background
398122,blimp66,http://creativecommons.org/licenses/by/3.0/,background
398272,InspectorJ,http://creativecommons.org/licenses/by/3.0/,background
398719,InspectorJ,http://creativecommons.org/licenses/by/3.0/,background
398749,Anthousai,http://creativecommons.org/publicdomain/zero/1.0/,background
398817,Anthousai,http://creativecommons.org/publicdomain/zero/1.0/,background
398881,Anthousai,http://creativecommons.org/publicdomain/zero/1.0/,background
398982,Anthousai,http://creativecommons.org/publicdomain/zero/1.0/,background
399051,scoplunk,http://creativecommons.org/publicdomain/zero/1.0/,background
399053,scoplunk,http://creativecommons.org/publicdomain/zero/1.0/,background
399057,scoplunk,http://creativecommons.org/publicdomain/zero/1.0/,background
399205,hgseidl,http://creativecommons.org/publicdomain/zero/1.0/,doorbell
399471,Skamos66,http://creativecommons.org/publicdomain/zero/1.0/,background
399480,Skamos66,http://creativecommons.org/publicdomain/zero/1.0/,background
399495,Skamos66,http://creativecommons.org/publicdomain/zero/1.0/,background
399577,WolffVisuals,http://creativecommons.org/publicdomain/zero/1.0/,background
399618,SoundsForHim,http://creativecommons.org/publicdomain/zero/1.0/,background
399634,SoundsForHim,http://creativecommons.org/publicdomain/zero/1.0/,background
399663,SoundsForHim,http://creativecommons.org/publicdomain/zero/1.0/,knock
399664,SoundsForHim,http://creativecommons.org/publicdomain/zero/1.0/,knock
399665,SoundsForHim,http://creativecommons.org/publicdomain/zero/1.0/,knock
399756,tehteho,http://creativecommons.org/publicdomain/zero/1.0/,background
400106,ricky77,http://creativecommons.org/licenses/by/3.0/,background
400188,opriema,http://creativecommons.org/publicdomain/zero/1.0/,background
400380,klankbeeld,http://creativecommons.org/licenses/by/3.0/,background
400409,speedyrce,http://creativecommons.org/publicdomain/zero/1.0/,background
400576,SieuAmThanh,http://creativecommons.org/publicdomain/zero/1.0/,background
400591,akirill,http://creativecommons.org/licenses/by/3.0/,background
400686,supersnd,http://creativecommons.org/publicdomain/zero/1.0/,background
400727,Fynixx,http://creativecommons.org/publicdomain/zero/1.0/,background
400736,Fynixx,http://creativecommons.org/publicdomain/zero/1.0/,background
400927,150112,http://creativecommons.org/publicdomain/zero/1.0/,background
401198,eardeer,http://creativecommons.org/publicdomain/zero/1.0/,background
401212,stuxer,http://creativecommons.org/publicdomain/zero/1.0/,background
401346,GiocoSound,http://creativecommons.org/publicdomain/zero/1.0/,background
401547,GiocoSound,http://creativecommons.org/publicdomain/zero/1.0/,background
401619,Roxis_Boy,http://creativecommons.org/publicdomain/zero/1.0/,glass_breaking
401719,samarobryn,http://creativecommons.org/publicdomain/zero/1.0/,background
40214,hubertmichel,http://creativecommons.org/licenses/by/3.0/,background
402182,s-cheremisinov,http://creativecommons.org/publicdomain/zero/1.0/,background
402209,s-cheremisinov,http://creativecommons.org/publicdomain/zero/1.0/,background
402238,s-cheremisinov,http://creativecommons.org/publicdomain/zero/1.0/,background
402262,s-cheremisinov,http://creativecommons.org/publicdomain/zero/1.0/,background
402382,freemaster2,http://creativecommons.org/publicdomain/zero/1.0/,background
402443,yitibit,http://creativecommons.org/publicdomain/zero/1.0/,knock
40270,hubertmichel,http://creativecommons.org/licenses/by/3.0/,background
40279,hubertmichel,http://creativecommons.org/licenses/by/3.0/,background
402814,klankbeeld,http://creativecommons.org/licenses/by/3.0/,baby_crying
402835,klankbeeld,http://creativecommons.org/licenses/by/3.0/,baby_crying
403001,Skullfire2099,http://creativecommons.org/publicdomain/zero/1.0/,background
403167,FallujahQc,http://creativecommons.org/licenses/by/3.0/,background
403439,anez,http://creativecommons.org/licenses/by/3.0/,doorbell
404073,davilcol,http://creativecommons.org/publicdomain/zero/1.0/,background
40410,hubertmichel,http://creativecommons.org/licenses/by/3.0/,background
40412,hubertmichel,http://creativecommons.org/licenses/by/3.0/,background
40426,hubertmichel,http://creativecommons.org/licenses/by/3.0/,background
404286,thepianosup,http://creativecommons.org/licenses/by/3.0/,background
40429,hubertmichel,http://creativecommons.org/licenses/by/3.0/,background
404329,InspectorJ,http://creativecommons.org/licenses/by/3.0/,background
40437,hubertmichel,http://creativecommons.org/licenses/by/3.0/,background
40454,hubertmichel,http://creativecommons.org/licenses/by/3.0/,background
404540,InspectorJ,http://creativecommons.org/licenses/by/3.0/,background
404562,SuperPhat,http://creativecommons.org/publicdomain/zero/1.0/,background
40458,hubertmichel,http://creativecommons.org/licenses/by/3.0/,background
40466,hubertmichel,http://creativecommons.org/licenses/by/3.0/,background
40479,hubertmichel,http://creativecommons.org/licenses/by/3.0/,background
404841,Ainigmat,http://creativecommons.org/publicdomain/zero/1.0/,background
40486,hubertmichel,http://creativecommons.org/licenses/by/3.0/,background
40505,hubertmichel,http://creativecommons.org/licenses/by/3.0/,background
40513,hubertmichel,http://creativecommons.org/licenses/by/3.0/,background
40517,hubertmichel,http://creativecommons.org/licenses/by/3.0/,background
40521,hubertmichel,http://creativecommons.org/licenses/by/3.0/,background
405462,penetrermind,http://creativecommons.org/publicdomain/zero/1.0/,background
405633,Anthousai,http://creativecommons.org/publicdomain/zero/1.0/,background
405904,penetrermind,http://creativecommons.org/publicdomain/zero/1.0/,background
405958,penetrermind,http://creativecommons.org/publicdomain/zero/1.0/,background
406029,penetrermind,http://creativecommons.org/publicdomain/zero/1.0/,background
406164,kyles,http://creativecommons.org/publicdomain/zero/1.0/,background
406194,kyles,http://creativecommons.org/publicdomain/zero/1.0/,background
406249,Anthousai,http://creativecommons.org/publicdomain/zero/1.0/,background
406256,ChrisReierson,http://creativecommons.org/licenses/by/3.0/,glass_breaking
406257,ChrisReierson,http://creativecommons.org/licenses/by/3.0/,glass_breaking
406387,kyles,http://creativecommons.org/publicdomain/zero/1.0/,background
406672,tlcolbe,http://creativecommons.org/publicdomain/zero/1.0/,background
406719,tlcolbe,http://creativecommons.org/publicdomain/zero/1.0/,background
406767,kretopi,http://creativecommons.org/publicdomain/zero/1.0/,background
407490,mike_stranks,http://creativecommons.org/publicdomain/zero/1.0/,background
407637,jph298,http://creativecommons.org/publicdomain/zero/1.0/,doorbell
40968,dobroide,http://creativecommons.org/licenses/by/3.0/,background
410390,univ_lyon3,http://creativecommons.org/licenses/by/3.0/,background
410648,pjcohen,http://creativecommons.org/licenses/by/3.0/,background
410649,pjcohen,http://creativecommons.org/licenses/by/3.0/,background
410657,pjcohen,http://creativecommons.org/licenses/by/3.0/,background
410663,pjcohen,http://creativecommons.org/licenses/by/3.0/,background
410671,pjcohen,http://creativecommons.org/licenses/by/3.0/,background
410677,pjcohen,http://creativecommons.org/licenses/by/3.0/,background
410757,univ_lyon3,http://creativecommons.org/licenses/by/3.0/,background
410763,univ_lyon3,http://creativecommons.org/licenses/by/3.0/,knock
410827,univ_lyon3,http://creativecommons.org/licenses/by/3.0/,knock
410959,OhmOhm,http://creativecommons.org/publicdomain/zero/1.0/,background
411021,nekomimi07,http://creativecommons.org/publicdomain/zero/1.0/,background
411170,SilverIllusionist,http://creativecommons.org/publicdomain/zero/1.0/,background
411179,SilverIllusionist,http://creativecommons.org/publicdomain/zero/1.0/,background
411481,s-light,http://creativecommons.org/publicdomain/zero/1.0/,background
41151,sandyrb,http://creativecommons.org/licenses/by/3.0/,background
411515,mcmacca,http://creativecommons.org/licenses/by/3.0/,doorbell
411517,mcmacca,http://creativecommons.org/licenses/by/3.0/,doorbell
411519,mcmacca,http://creativecommons.org/licenses/by/3.0/,doorbell
411521,mcmacca,http://creativecommons.org/licenses/by/3.0/,doorbell
411919,InspectorJ,http://creativecommons.org/licenses/by/3.0/,background
412054,FunWithSound,http://creativecommons.org/licenses/by/3.0/,glass_breaking
412310,D123x,http://creativecommons.org/publicdomain/zero/1.0/,background
412332,clemza,http://creativecommons.org/publicdomain/zero/1.0/,background
412375,smokenweewALT,http://creativecommons.org/licenses/by/3.0/,knock
412376,smokenweewALT,http://creativecommons.org/licenses/by/3.0/,knock
412381,smokenweewALT,http://creativecommons.org/licenses/by/3.0/,knock
412385,smokenweewALT,http://creativecommons.org/licenses/by/3.0/,background
412549,hmilleo,http://creativecommons.org/publicdomain/zero/1.0/,background
412855,SoundsForHim,http://creativecommons.org/publicdomain/zero/1.0/,knock
412856,SoundsForHim,http://creativecommons.org/publicdomain/zero/1.0/,knock
412857,SoundsForHim,http://creativecommons.org/publicdomain/zero/1.0/,knock
412858,SoundsForHim,http://creativecommons.org/publicdomain/zero/1.0/,knock
413028,SoundsForHim,http://creativecommons.org/publicdomain/zero/1.0/,background
413270,Timmeh515,http://creativecommons.org/publicdomain/zero/1.0/,knock
413271,Timmeh515,http://creativecommons.org/publicdomain/zero/1.0/,knock
413359,GRD-music-,http://creativecommons.org/publicdomain/zero/1.0/,background
41348,datasoundsample,http://creativecommons.org/licenses/by/3.0/,glass_breaking
413480,GRD-music-,http://creativecommons.org/publicdomain/zero/1.0/,background
413614,pjcohen,http://creativecommons.org/licenses/by/3.0/,background
413645,S_Beuting,http://creativecommons.org/publicdomain/zero/1.0/,background
413862,GRD-music-,http://creativecommons.org/publicdomain/zero/1.0/,background
413874,GRD-music-,http://creativecommons.org/publicdomain/zero/1.0/,background
414050,s-light,http://creativecommons.org/publicdomain/zero/1.0/,background
414472,giddster,http://creativecommons.org/publicdomain/zero/1.0/,background
414584,pjcohen,http://creativecommons.org/licenses/by/3.0/,background
414615,pjcohen,http://creativecommons.org/licenses/by/3.0/,background
414785,GRD-music-,http://creativecommons.org/publicdomain/zero/1.0/,background
414795,GRD-music-,http://creativecommons.org/publicdomain/zero/1.0/,background
414820,bokal,http://creativecommons.org/publicdomain/zero/1.0/,background
414942,TheScarlettWitch89,http://creativecommons.org/licenses/by/3.0/,knock
415138,s-light,http://creativecommons.org/publicdomain/zero/1.0/,background
415160,jsvegam,http://creativecommons.org/publicdomain/zero/1.0/,background
415164,zooanimaluprising,http://creativecommons.org/publicdomain/zero/1.0/,doorbell
415284,TheScarlettWitch89,http://creativecommons.org/licenses/by/3.0/,background
415372,Smukey9,http://creativecommons.org/publicdomain/zero/1.0/,background
415380,Smukey9,http://creativecommons.org/publicdomain/zero/1.0/,background
415393,luckylittleraven,http://creativecommons.org/publicdomain/zero/1.0/,background
415403,luckylittleraven,http://creativecommons.org/publicdomain/zero/1.0/,background
415416,luckylittleraven,http://creativecommons.org/publicdomain/zero/1.0/,background
415417,luckylittleraven,http://creativecommons.org/publicdomain/zero/1.0/,background
415425,luckylittleraven,http://creativecommons.org/publicdomain/zero/1.0/,background
415469,luckylittleraven,http://creativecommons.org/publicdomain/zero/1.0/,background
415527,TheScarlettWitch89,http://creativecommons.org/licenses/by/3.0/,background
415534,TheScarlettWitch89,http://creativecommons.org/licenses/by/3.0/,background
41629,digifishmusic,http://creativecommons.org/licenses/by/3.0/,doorbell
416423,flerlagekr,http://creativecommons.org/publicdomain/zero/1.0/,background
416645,FunWithSound,http://creativecommons.org/publicdomain/zero/1.0/,background
416664,FunWithSound,http://creativecommons.org/publicdomain/zero/1.0/,background
416666,FunWithSound,http://creativecommons.org/publicdomain/zero/1.0/,background
416671,FunWithSound,http://creativecommons.org/publicdomain/zero/1.0/,background
416677,FunWithSound,http://creativecommons.org/publicdomain/zero/1.0/,background
416700,FunWithSound,http://creativecommons.org/publicdomain/zero/1.0/,background
416702,FunWithSound,http://creativecommons.org/publicdomain/zero/1.0/,background
416857,tberger2168,http://creativecommons.org/licenses/by/3.0/,background
416859,tberger2168,http://creativecommons.org/licenses/by/3.0/,background
416862,tberger2168,http://creativecommons.org/licenses/by/3.0/,background
416893,Apheo,http://creativecommons.org/publicdomain/zero/1.0/,background
416936,klankbeeld,http://creativecommons.org/licenses/by/3.0/,background
417458,Aiwha,http://creativecommons.org/licenses/by/3.0/,background
417688,SuperPhat,http://creativecommons.org/publicdomain/zero/1.0/,background
417719,ernijsyoyo,http://creativecommons.org/licenses/by/3.0/,background
417858,Wuaga,http://creativecommons.org/publicdomain/zero/1.0/,doorbell
417937,TheScarlettWitch89,http://creativecommons.org/licenses/by/3.0/,background
417938,TheScarlettWitch89,http://creativecommons.org/licenses/by/3.0/,background
417940,TheScarlettWitch89,http://creativecommons.org/licenses/by/3.0/,background
417943,TheScarlettWitch89,http://creativecommons.org/licenses/by/3.0/,background
418074,jonsept,http://creativecommons.org/publicdomain/zero/1.0/,doorbell
418213,Bowen707,http://creativecommons.org/publicdomain/zero/1.0/,background
418220,SamuelGremaud,http://creativecommons.org/publicdomain/zero/1.0/,background
418229,KieranKeegan,http://creativecommons.org/publicdomain/zero/1.0/,background
418523,14FPanskaKremenakova_Marie,http://creativecommons.org/publicdomain/zero/1.0/,background
418574,@realdavidfloat,http://creativecommons.org/licenses/by/3.0/,background
418859,LittleRainySeasons,http://creativecommons.org/publicdomain/zero/1.0/,background
418867,ondrosik,http://creativecommons.org/licenses/by/3.0/,doorbell
419027,@realdavidfloat,http://creativecommons.org/publicdomain/zero/1.0/,background
419103,Fartmaster666,http://creativecommons.org/licenses/by/3.0/,background
419104,Fartmaster666,http://creativecommons.org/licenses/by/3.0/,background
419106,Fartmaster666,http://creativecommons.org/licenses/by/3.0/,background
419219,@realdavidfloat,http://creativecommons.org/publicdomain/zero/1.0/,background
419261,14GPanskaNechvatalova_Jana,http://creativecommons.org/publicdomain/zero/1.0/,background
4201,dobroide,http://creativecommons.org/licenses/by/3.0/,background
420356,Eponn,http://creativecommons.org/publicdomain/zero/1.0/,glass_breaking
420448,Mrthenoronha,http://creativecommons.org/publicdomain/zero/1.0/,background
42097,fauxpress,http://creativecommons.org/publicdomain/zero/1.0/,background
421,TicTacShutUp,http://creativecommons.org/licenses/by/3.0/,background
421147,GiocoSound,http://creativecommons.org/publicdomain/zero/1.0/,background
42139,fauxpress,http://creativecommons.org/publicdomain/zero/1.0/,background
4214,dobroide,http://creativecommons.org/licenses/by/3.0/,background
421642,julius_galla,http://creativecommons.org/licenses/by/3.0/,background
421791,markbolden,http://creativecommons.org/publicdomain/zero/1.0/,background
421829,dersinnsspace,http://creativecommons.org/publicdomain/zero/1.0/,background
421878,GregorQuendel,http://creativecommons.org/licenses/by/3.0/,background
422075,gamebalance,http://creativecommons.org/licenses/by/3.0/,background
422292,AKUSTIKA,http://creativecommons.org/publicdomain/zero/1.0/,background
422333,soneproject,http://creativecommons.org/publicdomain/zero/1.0/,background
422371,soneproject,http://creativecommons.org/publicdomain/zero/1.0/,background
42252,Corsica_S,http://creativecommons.org/licenses/by/3.0/,background
42256,Corsica_S,http://creativecommons.org/licenses/by/3.0/,background
422639,trullilulli,http://creativecommons.org/publicdomain/zero/1.0/,knock
422640,trullilulli,http://creativecommons.org/publicdomain/zero/1.0/,knock
422668,Lynx_5969,http://creativecommons.org/publicdomain/zero/1.0/,doorbell
422919,IPaddeh,http://creativecommons.org/publicdomain/zero/1.0/,background
422937,IPaddeh,http://creativecommons.org/publicdomain/zero/1.0/,background
423,TicTacShutUp,http://creativecommons.org/licenses/by/3.0/,background
423339,greenvwbeetle,http://creativecommons.org/publicdomain/zero/1.0/,background
423606,Mativve,http://creativecommons.org/licenses/by/3.0/,background
423811,scalywhale,http://creativecommons.org/publicdomain/zero/1.0/,background
423828,crazymonke9,http://creativecommons.org/licenses/by/3.0/,background
423959,Infernus2,http://creativecommons.org/publicdomain/zero/1.0/,background
425,TicTacShutUp,http://creativecommons.org/licenses/by/3.0/,background
425002,klankbeeld,http://creativecommons.org/licenses/by/3.0/,baby_crying
425386,Soundholder,http://creativecommons.org/licenses/by/3.0/,background
425400,skarafit,http://creativecommons.org/licenses/by/3.0/,background
425519,Soundholder,http://creativecommons.org/licenses/by/3.0/,background
425520,Soundholder,http://creativecommons.org/licenses/by/3.0/,background
425670,377434,http://creativecommons.org/publicdomain/zero/1.0/,background
4259,NoiseCollector,http://creativecommons.org/licenses/by/3.0/,background
426019,FunWithSound,http://creativecommons.org/licenses/by/3.0/,doorbell
426204,kev_durr,http://creativecommons.org/licenses/by/3.0/,glass_breaking
426205,kev_durr,http://creativecommons.org/licenses/by/3.0/,glass_breaking
426372,pbharri,http://creativecommons.org/publicdomain/zero/1.0/,knock
426390,Jbricker1997,http://creativecommons.org/publicdomain/zero/1.0/,background
4265,NoiseCollector,http://creativecommons.org/licenses/by/3.0/,background
426736,SamuelGremaud,http://creativecommons.org/publicdomain/zero/1.0/,knock
427081,SelsRoyalNavy,http://creativecommons.org/publicdomain/zero/1.0/,background
427089,dr19,http://creativecommons.org/publicdomain/zero/1.0/,background
427111,buzzatsea,http://creativecommons.org/publicdomain/zero/1.0/,knock
427257,GET_Accel,http://creativecommons.org/licenses/by/3.0/,background
427296,tmrobin1,http://creativecommons.org/publicdomain/zero/1.0/,background
427613,felipe.j,http://creativecommons.org/licenses/by/3.0/,knock
427619,felipe.j,http://creativecommons.org/licenses/by/3.0/,knock
4279,NoiseCollector,http://creativecommons.org/licenses/by/3.0/,background
428164,pschneib,http://creativecommons.org/licenses/by/3.0/,knock
428221,Leoctiurs,http://creativecommons.org/licenses/by/3.0/,background
428271,Leoctiurs,http://creativecommons.org/licenses/by/3.0/,background
42841,FreqMan,http://creativecommons.org/licenses/by/3.0/,background
428484,sofi.om,http://creativecommons.org/licenses/by/3.0/,background
428784,pauliperez1999,http://creativecommons.org/licenses/by/3.0/,background
4289,NoiseCollector,http://creativecommons.org/licenses/by/3.0/,background
428988,fley.erm,http://creativecommons.org/publicdomain/zero/1.0/,background
42900,FreqMan,http://creativecommons.org/licenses/by/3.0/,glass_breaking
42901,FreqMan,http://creativecommons.org/licenses/by/3.0/,glass_breaking
42902,FreqMan,http://creativecommons.org/licenses/by/3.0/,glass_breaking
42903,FreqMan,http://creativecommons.org/licenses/by/3.0/,glass_breaking
42904,FreqMan,http://creativecommons.org/licenses/by/3.0/,glass_breaking
42906,FreqMan,http://creativecommons.org/licenses/by/3.0/,glass_breaking
42907,FreqMan,http://creativecommons.org/licenses/by/3.0/,glass_breaking
4291,NoiseCollector,http://creativecommons.org/licenses/by/3.0/,background
429207,MichaelGillighan,http://creativecommons.org/publicdomain/zero/1.0/,background
429312,Tomycatts,http://creativecommons.org/publicdomain/zero/1.0/,knock
430213,LukasEG98,http://creativecommons.org/publicdomain/zero/1.0/,background
430627,Juandamb,http://creativecommons.org/publicdomain/zero/1.0/,background
430702,juanj105,http://creativecommons.org/publicdomain/zero/1.0/,glass_breaking
431448,StarTowerStudio,http://creativecommons.org/publicdomain/zero/1.0/,background
431478,KieranKeegan,http://creativecommons.org/publicdomain/zero/1.0/,background
431774,musicvision31,http://creativecommons.org/publicdomain/zero/1.0/,background
431777,musicvision31,http://creativecommons.org/publicdomain/zero/1.0/,background
432105,Ravetracer,http://creativecommons.org/publicdomain/zero/1.0/,background
432391,@realdavidfloat,http://creativecommons.org/publicdomain/zero/1.0/,background
432467,Vortichez,http://creativecommons.org/publicdomain/zero/1.0/,background
432468,Vortichez,http://creativecommons.org/publicdomain/zero/1.0/,background
432775,Maajora,http://creativecommons.org/publicdomain/zero/1.0/,background
432804,JanIsAGuy,http://creativecommons.org/publicdomain/zero/1.0/,background
433578,ChrisReierson,http://creativecommons.org/publicdomain/zero/1.0/,background
433668,namikiri,http://creativecommons.org/licenses/by/3.0/,background
433669,Spookytwigg,http://creativecommons.org/publicdomain/zero/1.0/,background
433698,dersuperanton,http://creativecommons.org/licenses/by/3.0/,background
433703,dersuperanton,http://creativecommons.org/licenses/by/3.0/,background
433710,dersuperanton,http://creativecommons.org/licenses/by/3.0/,background
433712,dersuperanton,http://creativecommons.org/licenses/by/3.0/,background
433841,Kardithron,http://creativecommons.org/publicdomain/zero/1.0/,background
433874,jodybruchon,http://creativecommons.org/publicdomain/zero/1.0/,background
434234,Parasonya,http://creativecommons.org/licenses/by/3.0/,background
434245,Parasonya,http://creativecommons.org/licenses/by/3.0/,background
434248,Parasonya,http://creativecommons.org/licenses/by/3.0/,background
434252,Parasonya,http://creativecommons.org/licenses/by/3.0/,background
434258,Parasonya,http://creativecommons.org/licenses/by/3.0/,background
434309,l213,http://creativecommons.org/publicdomain/zero/1.0/,background
434437,MysteryPancake,http://creativecommons.org/licenses/by/3.0/,glass_breaking
434438,MysteryPancake,http://creativecommons.org/licenses/by/3.0/,glass_breaking
434439,MysteryPancake,http://creativecommons.org/licenses/by/3.0/,glass_breaking
434440,MysteryPancake,http://creativecommons.org/licenses/by/3.0/,glass_breaking
434441,MysteryPancake,http://creativecommons.org/licenses/by/3.0/,glass_breaking
434442,MysteryPancake,http://creativecommons.org/licenses/by/3.0/,glass_breaking
434443,MysteryPancake,http://creativecommons.org/licenses/by/3.0/,glass_breaking
434444,MysteryPancake,http://creativecommons.org/licenses/by/3.0/,glass_breaking
434446,MysteryPancake,http://creativecommons.org/licenses/by/3.0/,glass_breaking
434447,MysteryPancake,http://creativecommons.org/licenses/by/3.0/,glass_breaking
434448,MysteryPancake,http://creativecommons.org/licenses/by/3.0/,glass_breaking
434449,MysteryPancake,http://creativecommons.org/licenses/by/3.0/,glass_breaking
434450,MysteryPancake,http://creativecommons.org/licenses/by/3.0/,glass_breaking
434451,MysteryPancake,http://creativecommons.org/licenses/by/3.0/,glass_breaking
435255,penetrermind,http://creativecommons.org/publicdomain/zero/1.0/,background
435262,penetrermind,http://creativecommons.org/publicdomain/zero/1.0/,background
435265,penetrermind,http://creativecommons.org/publicdomain/zero/1.0/,background
435272,penetrermind,http://creativecommons.org/publicdomain/zero/1.0/,background
435274,penetrermind,http://creativecommons.org/publicdomain/zero/1.0/,background
435557,dersuperanton,http://creativecommons.org/licenses/by/3.0/,background
43577,mikesh,http://creativecommons.org/publicdomain/zero/1.0/,background
43784,Charel Sytze,http://creativecommons.org/licenses/by/3.0/,background
43822,digifishmusic,http://creativecommons.org/licenses/by/3.0/,background
43823,digifishmusic,http://creativecommons.org/licenses/by/3.0/,background
44153,Stickinthemud,http://creativecommons.org/licenses/by/3.0/,background
44164,Stickinthemud,http://creativecommons.org/licenses/by/3.0/,background
443,TicTacShutUp,http://creativecommons.org/licenses/by/3.0/,background
445,TicTacShutUp,http://creativecommons.org/licenses/by/3.0/,background
44914,Dolfeus,http://creativecommons.org/publicdomain/zero/1.0/,background
45065,Matias.Reccius,http://creativecommons.org/publicdomain/zero/1.0/,background
45078,Matias.Reccius,http://creativecommons.org/publicdomain/zero/1.0/,background
45199,stomachache,http://creativecommons.org/publicdomain/zero/1.0/,background
46116,Raymond67,http://creativecommons.org/licenses/by/3.0/,background
46150,Sascha Burghard,http://creativecommons.org/licenses/by/3.0/,background
46169,Sascha Burghard,http://creativecommons.org/licenses/by/3.0/,background
46175,Sascha Burghard,http://creativecommons.org/licenses/by/3.0/,background
46177,Sascha Burghard,http://creativecommons.org/licenses/by/3.0/,background
46274,PhreaKsAccount,http://creativecommons.org/licenses/by/3.0/,background
46326,delphidebrain,http://creativecommons.org/licenses/by/3.0/,background
46425,NoiseCollector,http://creativecommons.org/licenses/by/3.0/,background
46623,123jorre456,http://creativecommons.org/publicdomain/zero/1.0/,background
46695,uauaua,http://creativecommons.org/publicdomain/zero/1.0/,background
46787,uauaua,http://creativecommons.org/publicdomain/zero/1.0/,background
46788,uauaua,http://creativecommons.org/publicdomain/zero/1.0/,background
46796,uauaua,http://creativecommons.org/publicdomain/zero/1.0/,background
46963,reinsamba,http://creativecommons.org/licenses/by/3.0/,baby_crying
46964,reinsamba,http://creativecommons.org/licenses/by/3.0/,baby_crying
47385,melarancida,http://creativecommons.org/publicdomain/zero/1.0/,background
47509,stomachache,http://creativecommons.org/publicdomain/zero/1.0/,background
47603,ReadeOnly,http://creativecommons.org/publicdomain/zero/1.0/,background
47609,ReadeOnly,http://creativecommons.org/publicdomain/zero/1.0/,background
47611,ReadeOnly,http://creativecommons.org/publicdomain/zero/1.0/,background
48024,smoseson,http://creativecommons.org/publicdomain/zero/1.0/,background
48359,fathead74,http://creativecommons.org/licenses/by/3.0/,background
48446,fathead74,http://creativecommons.org/licenses/by/3.0/,background
48648,greeniguana00,http://creativecommons.org/licenses/by/3.0/,background
48980,Lunardrive,http://creativecommons.org/publicdomain/zero/1.0/,background
49168,gmtechb,http://creativecommons.org/licenses/by/3.0/,background
4917,NoiseCollector,http://creativecommons.org/licenses/by/3.0/,background
49486,phead,http://creativecommons.org/licenses/by/3.0/,background
49513,Jon285,http://creativecommons.org/publicdomain/zero/1.0/,background
50069,m1rk0,http://creativecommons.org/licenses/by/3.0/,background
50357,secondbody,http://creativecommons.org/licenses/by/3.0/,background
50402,dADDoiT,http://creativecommons.org/publicdomain/zero/1.0/,background
50405,dADDoiT,http://creativecommons.org/publicdomain/zero/1.0/,background
50700,RutgerMuller,http://creativecommons.org/publicdomain/zero/1.0/,background
50710,RutgerMuller,http://creativecommons.org/publicdomain/zero/1.0/,background
50727,RutgerMuller,http://creativecommons.org/publicdomain/zero/1.0/,background
50789,smcameron,http://creativecommons.org/licenses/by/3.0/,background
51028,dobroide,http://creativecommons.org/licenses/by/3.0/,background
51094,Sparrer,http://creativecommons.org/licenses/by/3.0/,background
51175,RutgerMuller,http://creativecommons.org/publicdomain/zero/1.0/,background
51414,Corsica_S,http://creativecommons.org/licenses/by/3.0/,background
51878,striptheband,http://creativecommons.org/licenses/by/3.0/,background
52290,XxBirdoxX,http://creativecommons.org/publicdomain/zero/1.0/,knock
52377,DJPhizz,http://creativecommons.org/licenses/by/3.0/,background
52450,inchadney,http://creativecommons.org/licenses/by/3.0/,background
53066,dobroide,http://creativecommons.org/licenses/by/3.0/,background
53684,digifishmusic,http://creativecommons.org/licenses/by/3.0/,background
53690,ERH,http://creativecommons.org/licenses/by/3.0/,background
53846,t1mp,http://creativecommons.org/licenses/by/3.0/,background
53854,t1mp,http://creativecommons.org/licenses/by/3.0/,background
53855,t1mp,http://creativecommons.org/licenses/by/3.0/,background
54210,kaponja,http://creativecommons.org/licenses/by/3.0/,background
55064,suonidigenova,http://creativecommons.org/publicdomain/zero/1.0/,background
55099,NoiseCollector,http://creativecommons.org/licenses/by/3.0/,background
55108,NoiseCollector,http://creativecommons.org/licenses/by/3.0/,background
55156,NoiseCollector,http://creativecommons.org/licenses/by/3.0/,background
55214,hello_flowers,http://creativecommons.org/publicdomain/zero/1.0/,background
55224,NoiseCollector,http://creativecommons.org/licenses/by/3.0/,background
55254,KatHakaku,http://creativecommons.org/publicdomain/zero/1.0/,background
55873,ldk1609,http://creativecommons.org/publicdomain/zero/1.0/,background
55977,ldk1609,http://creativecommons.org/publicdomain/zero/1.0/,background
55982,ldk1609,http://creativecommons.org/publicdomain/zero/1.0/,background
56002,ldk1609,http://creativecommons.org/publicdomain/zero/1.0/,background
56008,ldk1609,http://creativecommons.org/publicdomain/zero/1.0/,background
56110,guitarmaster,http://creativecommons.org/publicdomain/zero/1.0/,background
56117,guitarmaster,http://creativecommons.org/publicdomain/zero/1.0/,background
5615,NoiseCollector,http://creativecommons.org/licenses/by/3.0/,background
56167,rastataper,http://creativecommons.org/licenses/by/3.0/,background
56202,ldk1609,http://creativecommons.org/publicdomain/zero/1.0/,background
56223,ldk1609,http://creativecommons.org/publicdomain/zero/1.0/,background
564,TwistedLemon,http://creativecommons.org/licenses/by/3.0/,background
56926,dADDoiT,http://creativecommons.org/publicdomain/zero/1.0/,background
57190,IFartInUrGeneralDirection,http://creativecommons.org/licenses/by/3.0/,background
57281,IFartInUrGeneralDirection,http://creativecommons.org/licenses/by/3.0/,background
57837,ebison,http://creativecommons.org/licenses/by/3.0/,background
57877,dkustic,http://creativecommons.org/licenses/by/3.0/,background
57884,dkustic,http://creativecommons.org/licenses/by/3.0/,background
58025,NoiseCollector,http://creativecommons.org/licenses/by/3.0/,background
58057,NoiseCollector,http://creativecommons.org/licenses/by/3.0/,background
58064,NoiseCollector,http://creativecommons.org/licenses/by/3.0/,background
58080,NoiseCollector,http://creativecommons.org/licenses/by/3.0/,background
58107,NoiseCollector,http://creativecommons.org/licenses/by/3.0/,background
58503,Satoration,http://creativecommons.org/licenses/by/3.0/,background
58867,marvman,http://creativecommons.org/publicdomain/zero/1.0/,background
59001,nawerwohl02,http://creativecommons.org/licenses/by/3.0/,background
59446,rfhache,http://creativecommons.org/licenses/by/3.0/,background
6054,Jovica,http://creativecommons.org/licenses/by/3.0/,background
60773,J.Zazvurek,http://creativecommons.org/licenses/by/3.0/,background
60785,J.Zazvurek,http://creativecommons.org/licenses/by/3.0/,background
60793,J.Zazvurek,http://creativecommons.org/licenses/by/3.0/,background
60802,J.Zazvurek,http://creativecommons.org/licenses/by/3.0/,background
61359,IFartInUrGeneralDirection,http://creativecommons.org/licenses/by/3.0/,background
61360,IFartInUrGeneralDirection,http://creativecommons.org/licenses/by/3.0/,background
61823,Corsica_S,http://creativecommons.org/licenses/by/3.0/,background
61831,Corsica_S,http://creativecommons.org/licenses/by/3.0/,background
61839,IFartInUrGeneralDirection,http://creativecommons.org/licenses/by/3.0/,background
61858,NoiseCollector,http://creativecommons.org/licenses/by/3.0/,background
61859,NoiseCollector,http://creativecommons.org/licenses/by/3.0/,background
61881,NoiseCollector,http://creativecommons.org/licenses/by/3.0/,background
61884,NoiseCollector,http://creativecommons.org/licenses/by/3.0/,background
61894,NoiseCollector,http://creativecommons.org/licenses/by/3.0/,background
61903,NoiseCollector,http://creativecommons.org/licenses/by/3.0/,background
61918,NoiseCollector,http://creativecommons.org/licenses/by/3.0/,background
61927,NoiseCollector,http://creativecommons.org/licenses/by/3.0/,background
6235,Anton,http://creativecommons.org/licenses/by/3.0/,background
6255,Jovica,http://creativecommons.org/licenses/by/3.0/,background
6261,Jovica,http://creativecommons.org/licenses/by/3.0/,background
62758,NoiseCollector,http://creativecommons.org/licenses/by/3.0/,background
62944,elinevera,http://creativecommons.org/licenses/by/3.0/,background
62987,radian,http://creativecommons.org/licenses/by/3.0/,background
63000,radian,http://creativecommons.org/licenses/by/3.0/,background
63331,reinsamba,http://creativecommons.org/licenses/by/3.0/,background
63342,tuckerbiker,http://creativecommons.org/licenses/by/3.0/,background
63485,NoiseCollector,http://creativecommons.org/licenses/by/3.0/,background
63486,NoiseCollector,http://creativecommons.org/licenses/by/3.0/,background
63538,florian_reinke,http://creativecommons.org/publicdomain/zero/1.0/,background
639,memexikon,http://creativecommons.org/publicdomain/zero/1.0/,background
64005,Department64,http://creativecommons.org/publicdomain/zero/1.0/,background
64017,Department64,http://creativecommons.org/publicdomain/zero/1.0/,background
64133,IFartInUrGeneralDirection,http://creativecommons.org/licenses/by/3.0/,background
64139,IFartInUrGeneralDirection,http://creativecommons.org/licenses/by/3.0/,background
64158,NoiseCollector,http://creativecommons.org/licenses/by/3.0/,background
64237,Department64,http://creativecommons.org/publicdomain/zero/1.0/,background
64250,Department64,http://creativecommons.org/publicdomain/zero/1.0/,background
64260,Department64,http://creativecommons.org/publicdomain/zero/1.0/,background
64268,Department64,http://creativecommons.org/publicdomain/zero/1.0/,background
64272,Department64,http://creativecommons.org/publicdomain/zero/1.0/,background
64275,Department64,http://creativecommons.org/publicdomain/zero/1.0/,background
645,memexikon,http://creativecommons.org/publicdomain/zero/1.0/,background
6457,dobroide,http://creativecommons.org/licenses/by/3.0/,background
65626,Corsica_S,http://creativecommons.org/licenses/by/3.0/,background
65725,Corsica_S,http://creativecommons.org/licenses/by/3.0/,background
65726,Corsica_S,http://creativecommons.org/licenses/by/3.0/,background
65933,dobroide,http://creativecommons.org/licenses/by/3.0/,background
66017,ERH,http://creativecommons.org/licenses/by/3.0/,background
66296,soundplusdesign,http://creativecommons.org/licenses/by/3.0/,background
66302,soundplusdesign,http://creativecommons.org/licenses/by/3.0/,background
66436,Corsica_S,http://creativecommons.org/licenses/by/3.0/,background
66513,freemaster2,http://creativecommons.org/publicdomain/zero/1.0/,background
66517,freemaster2,http://creativecommons.org/publicdomain/zero/1.0/,background
66524,Bidone,http://creativecommons.org/publicdomain/zero/1.0/,background
66787,MattJ99,http://creativecommons.org/licenses/by/3.0/,background
67330,Corsica_S,http://creativecommons.org/licenses/by/3.0/,background
67339,Corsica_S,http://creativecommons.org/licenses/by/3.0/,background
67480,qubodup,http://creativecommons.org/publicdomain/zero/1.0/,background
68312,digifishmusic,http://creativecommons.org/licenses/by/3.0/,background
68446,pinkyfinger,http://creativecommons.org/publicdomain/zero/1.0/,background
68448,pinkyfinger,http://creativecommons.org/publicdomain/zero/1.0/,background
68449,cdrk,http://creativecommons.org/licenses/by/3.0/,glass_breaking
68654,mikaelfernstrom,http://creativecommons.org/licenses/by/3.0/,glass_breaking
68687,mikaelfernstrom,http://creativecommons.org/licenses/by/3.0/,background
68698,mikaelfernstrom,http://creativecommons.org/licenses/by/3.0/,background
68702,mikaelfernstrom,http://creativecommons.org/licenses/by/3.0/,knock
68729,mikaelfernstrom,http://creativecommons.org/licenses/by/3.0/,background
68736,mikaelfernstrom,http://creativecommons.org/licenses/by/3.0/,background
68900,aboe,http://creativecommons.org/licenses/by/3.0/,background
68941,aboe,http://creativecommons.org/licenses/by/3.0/,background
69245,dobroide,http://creativecommons.org/licenses/by/3.0/,background
69481,aboe,http://creativecommons.org/licenses/by/3.0/,background
69959,dobroide,http://creativecommons.org/licenses/by/3.0/,background
70102,gregswinford,http://creativecommons.org/licenses/by/3.0/,doorbell
70120,JustinBW,http://creativecommons.org/licenses/by/3.0/,background
70214,QLC,http://creativecommons.org/licenses/by/3.0/,background
70346,beskhu,http://creativecommons.org/licenses/by/3.0/,background
70369,beskhu,http://creativecommons.org/licenses/by/3.0/,background
70374,beskhu,http://creativecommons.org/licenses/by/3.0/,background
70380,beskhu,http://creativecommons.org/licenses/by/3.0/,background
70827,beskhu,http://creativecommons.org/licenses/by/3.0/,background
70895,mauxuam,http://creativecommons.org/publicdomain/zero/1.0/,background
70946,dobroide,http://creativecommons.org/licenses/by/3.0/,background
71121,AP.,http://creativecommons.org/publicdomain/zero/1.0/,background
71463,NoiseCollector,http://creativecommons.org/licenses/by/3.0/,background
7154,dobroide,http://creativecommons.org/licenses/by/3.0/,background
71600,ghostcake,http://creativecommons.org/licenses/by/3.0/,background
71605,Flick3r,http://creativecommons.org/licenses/by/3.0/,background
71710,dobroide,http://creativecommons.org/licenses/by/3.0/,background
71797,timlaroche,http://creativecommons.org/licenses/by/3.0/,background
71897,cmusounddesign,http://creativecommons.org/licenses/by/3.0/,glass_breaking
71947,cmusounddesign,http://creativecommons.org/licenses/by/3.0/,glass_breaking
71980,cmusounddesign,http://creativecommons.org/licenses/by/3.0/,background
72167,IFartInUrGeneralDirection,http://creativecommons.org/licenses/by/3.0/,background
72622,j1987,http://creativecommons.org/publicdomain/zero/1.0/,background
72678,j1987,http://creativecommons.org/publicdomain/zero/1.0/,background
73122,LG,http://creativecommons.org/licenses/by/3.0/,background
73401,REVEREND.BLACK,http://creativecommons.org/licenses/by/3.0/,background
74302,Parking Sun,http://creativecommons.org/licenses/by/3.0/,background
74671,IFartInUrGeneralDirection,http://creativecommons.org/licenses/by/3.0/,background
75017,CBeeching,http://creativecommons.org/publicdomain/zero/1.0/,background
75320,Kyster,http://creativecommons.org/licenses/by/3.0/,background
75333,RoninMastaFX,http://creativecommons.org/licenses/by/3.0/,background
75436,NoiseCollector,http://creativecommons.org/licenses/by/3.0/,background
75452,NoiseCollector,http://creativecommons.org/licenses/by/3.0/,background
76443,mhusinsky,http://creativecommons.org/licenses/by/3.0/,background
7649,NoiseCollector,http://creativecommons.org/licenses/by/3.0/,background
76553,Benboncan,http://creativecommons.org/licenses/by/3.0/,background
76711,chicocorrea,http://creativecommons.org/publicdomain/zero/1.0/,background
76813,DJ Burnham,http://creativecommons.org/licenses/by/3.0/,knock
76817,Omar Alvarado,http://creativecommons.org/licenses/by/3.0/,background
76925,Benboncan,http://creativecommons.org/licenses/by/3.0/,doorbell
77031,cs272,http://creativecommons.org/licenses/by/3.0/,background
77157,Kyster,http://creativecommons.org/licenses/by/3.0/,background
77165,7by7,http://creativecommons.org/publicdomain/zero/1.0/,knock
77405,Radegund,http://creativecommons.org/publicdomain/zero/1.0/,background
77459,Kyster,http://creativecommons.org/licenses/by/3.0/,background
77467,ra_gun,http://creativecommons.org/publicdomain/zero/1.0/,background
77715,sorohanro,http://creativecommons.org/licenses/by/3.0/,background
77718,Benboncan,http://creativecommons.org/licenses/by/3.0/,background
77892,Ceristimo,http://creativecommons.org/publicdomain/zero/1.0/,doorbell
77914,LG,http://creativecommons.org/licenses/by/3.0/,background
77916,LG,http://creativecommons.org/licenses/by/3.0/,background
77928,matzka,http://creativecommons.org/licenses/by/3.0/,background
77929,matzka,http://creativecommons.org/licenses/by/3.0/,background
78248,Benboncan,http://creativecommons.org/licenses/by/3.0/,background
7897,schluppipuppie,http://creativecommons.org/licenses/by/3.0/,background
7899,schluppipuppie,http://creativecommons.org/licenses/by/3.0/,background
79019,RoofDog,http://creativecommons.org/publicdomain/zero/1.0/,background
7908,schluppipuppie,http://creativecommons.org/licenses/by/3.0/,background
79388,j1987,http://creativecommons.org/publicdomain/zero/1.0/,background
79440,xyzr_kx,http://creativecommons.org/publicdomain/zero/1.0/,background
79669,labailey,http://creativecommons.org/publicdomain/zero/1.0/,background
79782,dobroide,http://creativecommons.org/licenses/by/3.0/,background
80113,volivieri,http://creativecommons.org/licenses/by/3.0/,background
80114,volivieri,http://creativecommons.org/licenses/by/3.0/,background
80341,hyderpotter,http://creativecommons.org/publicdomain/zero/1.0/,background
80392,IFartInUrGeneralDirection,http://creativecommons.org/licenses/by/3.0/,background
80477,stevelalonde,http://creativecommons.org/licenses/by/3.0/,baby_crying
80478,stevelalonde,http://creativecommons.org/licenses/by/3.0/,baby_crying
80479,stevelalonde,http://creativecommons.org/licenses/by/3.0/,baby_crying
80480,stevelalonde,http://creativecommons.org/licenses/by/3.0/,baby_crying
80481,stevelalonde,http://creativecommons.org/licenses/by/3.0/,baby_crying
80482,stevelalonde,http://creativecommons.org/licenses/by/3.0/,baby_crying
80621,Corsica_S,http://creativecommons.org/licenses/by/3.0/,background
80672,Corsica_S,http://creativecommons.org/licenses/by/3.0/,background
81001,payattention,http://creativecommons.org/publicdomain/zero/1.0/,knock
81072,bennstir,http://creativecommons.org/licenses/by/3.0/,doorbell
81472,heiskr,http://creativecommons.org/publicdomain/zero/1.0/,background
81474,heiskr,http://creativecommons.org/publicdomain/zero/1.0/,background
81487,LG,http://creativecommons.org/licenses/by/3.0/,background
81668,Suicidity,http://creativecommons.org/publicdomain/zero/1.0/,background
82117,Gniffelbaf,http://creativecommons.org/publicdomain/zero/1.0/,background
82375,gynation,http://creativecommons.org/publicdomain/zero/1.0/,background
82386,Benboncan,http://creativecommons.org/licenses/by/3.0/,background
82728,sandyrb,http://creativecommons.org/licenses/by/3.0/,background
83129,Meg,http://creativecommons.org/publicdomain/zero/1.0/,background
83241,mlestn1,http://creativecommons.org/publicdomain/zero/1.0/,knock
83479,mlestn1,http://creativecommons.org/publicdomain/zero/1.0/,knock
83707,Suicidity,http://creativecommons.org/publicdomain/zero/1.0/,background
83830,Suicidity,http://creativecommons.org/publicdomain/zero/1.0/,background
84417,ignotus,http://creativecommons.org/licenses/by/3.0/,background
84419,ignotus,http://creativecommons.org/licenses/by/3.0/,background
84536,cmusounddesign,http://creativecommons.org/licenses/by/3.0/,glass_breaking
8460,SpeedY,http://creativecommons.org/publicdomain/zero/1.0/,background
8470,SpeedY,http://creativecommons.org/publicdomain/zero/1.0/,background
84702,cmusounddesign,http://creativecommons.org/licenses/by/3.0/,glass_breaking
84704,cmusounddesign,http://creativecommons.org/licenses/by/3.0/,glass_breaking
84705,cmusounddesign,http://creativecommons.org/licenses/by/3.0/,glass_breaking
84820,sandyrb,http://creativecommons.org/licenses/by/3.0/,background
85107,cmusounddesign,http://creativecommons.org/licenses/by/3.0/,glass_breaking
85128,Wrylytucker,http://creativecommons.org/licenses/by/3.0/,background
85164,cmusounddesign,http://creativecommons.org/licenses/by/3.0/,background
85168,cmusounddesign,http://creativecommons.org/licenses/by/3.0/,glass_breaking
85184,cmusounddesign,http://creativecommons.org/licenses/by/3.0/,glass_breaking
85329,RandyMcMillan,http://creativecommons.org/licenses/by/3.0/,background
85359,IFartInUrGeneralDirection,http://creativecommons.org/licenses/by/3.0/,background
85550,MAJ061785,http://creativecommons.org/licenses/by/3.0/,glass_breaking
85657,CGEffex,http://creativecommons.org/licenses/by/3.0/,background
85804,sandyrb,http://creativecommons.org/licenses/by/3.0/,background
85805,MWLANDI,http://creativecommons.org/licenses/by/3.0/,background
85814,MWLANDI,http://creativecommons.org/licenses/by/3.0/,background
85869,MWLANDI,http://creativecommons.org/licenses/by/3.0/,background
8588,SpeedY,http://creativecommons.org/publicdomain/zero/1.0/,background
86362,sandyrb,http://creativecommons.org/licenses/by/3.0/,background
86424,epanody,http://creativecommons.org/licenses/by/3.0/,background
86444,epanody,http://creativecommons.org/licenses/by/3.0/,background
86453,epanody,http://creativecommons.org/licenses/by/3.0/,background
86659,sandyrb,http://creativecommons.org/licenses/by/3.0/,background
86787,Jovica,http://creativecommons.org/licenses/by/3.0/,background
86953,Corsica_S,http://creativecommons.org/licenses/by/3.0/,background
87051,Corsica_S,http://creativecommons.org/licenses/by/3.0/,background
87151,akanimbus,http://creativecommons.org/licenses/by/3.0/,doorbell
87250,tiredoldwhiteman,http://creativecommons.org/licenses/by/3.0/,background
87683,flogman,http://creativecommons.org/publicdomain/zero/1.0/,background
87709,dardue,http://creativecommons.org/licenses/by/3.0/,background
87771,Cantunis,http://creativecommons.org/publicdomain/zero/1.0/,background
88148,IFartInUrGeneralDirection,http://creativecommons.org/licenses/by/3.0/,background
88168,tec studios,http://creativecommons.org/publicdomain/zero/1.0/,background
88242,iut_Paris8,http://creativecommons.org/publicdomain/zero/1.0/,background
88243,iut_Paris8,http://creativecommons.org/publicdomain/zero/1.0/,doorbell
88579,a.e,http://creativecommons.org/licenses/by/3.0/,background
88666,IFartInUrGeneralDirection,http://creativecommons.org/licenses/by/3.0/,background
88800,lsprice,http://creativecommons.org/licenses/by/3.0/,glass_breaking
88806,lsprice,http://creativecommons.org/licenses/by/3.0/,glass_breaking
88808,lsprice,http://creativecommons.org/licenses/by/3.0/,glass_breaking
88809,lsprice,http://creativecommons.org/licenses/by/3.0/,glass_breaking
88833,lsprice,http://creativecommons.org/licenses/by/3.0/,background
88838,lsprice,http://creativecommons.org/licenses/by/3.0/,background
88850,lsprice,http://creativecommons.org/licenses/by/3.0/,background
88858,lsprice,http://creativecommons.org/licenses/by/3.0/,background
88871,lsprice,http://creativecommons.org/licenses/by/3.0/,background
88898,lsprice,http://creativecommons.org/licenses/by/3.0/,background
88910,lsprice,http://creativecommons.org/licenses/by/3.0/,background
88917,lsprice,http://creativecommons.org/licenses/by/3.0/,glass_breaking
88920,lsprice,http://creativecommons.org/licenses/by/3.0/,glass_breaking
88921,lsprice,http://creativecommons.org/licenses/by/3.0/,glass_breaking
88922,lsprice,http://creativecommons.org/licenses/by/3.0/,glass_breaking
88923,lsprice,http://creativecommons.org/licenses/by/3.0/,glass_breaking
88924,lsprice,http://creativecommons.org/licenses/by/3.0/,glass_breaking
88925,lsprice,http://creativecommons.org/licenses/by/3.0/,glass_breaking
88926,lsprice,http://creativecommons.org/licenses/by/3.0/,glass_breaking
88927,lsprice,http://creativecommons.org/licenses/by/3.0/,glass_breaking
88928,lsprice,http://creativecommons.org/licenses/by/3.0/,glass_breaking
88931,lsprice,http://creativecommons.org/licenses/by/3.0/,glass_breaking
88932,lsprice,http://creativecommons.org/licenses/by/3.0/,glass_breaking
88933,lsprice,http://creativecommons.org/licenses/by/3.0/,glass_breaking
88935,lsprice,http://creativecommons.org/licenses/by/3.0/,glass_breaking
88936,lsprice,http://creativecommons.org/licenses/by/3.0/,glass_breaking
88937,lsprice,http://creativecommons.org/licenses/by/3.0/,glass_breaking
88941,lsprice,http://creativecommons.org/licenses/by/3.0/,glass_breaking
88942,lsprice,http://creativecommons.org/licenses/by/3.0/,glass_breaking
88944,lsprice,http://creativecommons.org/licenses/by/3.0/,glass_breaking
88945,lsprice,http://creativecommons.org/licenses/by/3.0/,glass_breaking
88948,lsprice,http://creativecommons.org/licenses/by/3.0/,glass_breaking
88949,lsprice,http://creativecommons.org/licenses/by/3.0/,glass_breaking
88950,lsprice,http://creativecommons.org/licenses/by/3.0/,glass_breaking
88952,lsprice,http://creativecommons.org/licenses/by/3.0/,background
88969,lsprice,http://creativecommons.org/licenses/by/3.0/,background
88975,lsprice,http://creativecommons.org/licenses/by/3.0/,background
89324,Corsica_S,http://creativecommons.org/licenses/by/3.0/,background
89506,CGEffex,http://creativecommons.org/licenses/by/3.0/,background
89572,CGEffex,http://creativecommons.org/licenses/by/3.0/,background
89578,CGEffex,http://creativecommons.org/licenses/by/3.0/,background
89579,CGEffex,http://creativecommons.org/licenses/by/3.0/,background
89589,CGEffex,http://creativecommons.org/licenses/by/3.0/,background
89683,dobroide,http://creativecommons.org/licenses/by/3.0/,background
89786,zerolagtime,http://creativecommons.org/licenses/by/3.0/,background
89793,zerolagtime,http://creativecommons.org/licenses/by/3.0/,background
89805,lsprice,http://creativecommons.org/licenses/by/3.0/,background
89821,lsprice,http://creativecommons.org/licenses/by/3.0/,background
89868,lsprice,http://creativecommons.org/licenses/by/3.0/,background
89887,lsprice,http://creativecommons.org/licenses/by/3.0/,glass_breaking
89888,lsprice,http://creativecommons.org/licenses/by/3.0/,glass_breaking
89889,lsprice,http://creativecommons.org/licenses/by/3.0/,glass_breaking
89890,lsprice,http://creativecommons.org/licenses/by/3.0/,glass_breaking
89891,lsprice,http://creativecommons.org/licenses/by/3.0/,glass_breaking
89894,lsprice,http://creativecommons.org/licenses/by/3.0/,glass_breaking
89895,lsprice,http://creativecommons.org/licenses/by/3.0/,glass_breaking
89900,lsprice,http://creativecommons.org/licenses/by/3.0/,glass_breaking
89901,lsprice,http://creativecommons.org/licenses/by/3.0/,glass_breaking
89902,lsprice,http://creativecommons.org/licenses/by/3.0/,glass_breaking
89903,lsprice,http://creativecommons.org/licenses/by/3.0/,glass_breaking
89904,lsprice,http://creativecommons.org/licenses/by/3.0/,glass_breaking
89905,lsprice,http://creativecommons.org/licenses/by/3.0/,glass_breaking
90021,tewell,http://creativecommons.org/licenses/by/3.0/,background
90024,tewell,http://creativecommons.org/licenses/by/3.0/,background
90215,xeroks,http://creativecommons.org/licenses/by/3.0/,background
90536,Suicidity,http://creativecommons.org/publicdomain/zero/1.0/,background
90537,Suicidity,http://creativecommons.org/publicdomain/zero/1.0/,background
90539,Suicidity,http://creativecommons.org/publicdomain/zero/1.0/,background
90547,Suicidity,http://creativecommons.org/publicdomain/zero/1.0/,background
90557,Suicidity,http://creativecommons.org/publicdomain/zero/1.0/,background
90561,Suicidity,http://creativecommons.org/publicdomain/zero/1.0/,background
90563,Suicidity,http://creativecommons.org/publicdomain/zero/1.0/,background
90623,Suicidity,http://creativecommons.org/publicdomain/zero/1.0/,background
90627,Suicidity,http://creativecommons.org/publicdomain/zero/1.0/,background
90720,pkorac,http://creativecommons.org/licenses/by/3.0/,background
90975,Suicidity,http://creativecommons.org/publicdomain/zero/1.0/,background
90981,Suicidity,http://creativecommons.org/publicdomain/zero/1.0/,background
91002,Suicidity,http://creativecommons.org/publicdomain/zero/1.0/,background
91004,Suicidity,http://creativecommons.org/publicdomain/zero/1.0/,background
91041,zinzan_101,http://creativecommons.org/publicdomain/zero/1.0/,background
91082,epanody,http://creativecommons.org/licenses/by/3.0/,background
91142,Suicidity,http://creativecommons.org/publicdomain/zero/1.0/,background
91153,Suicidity,http://creativecommons.org/publicdomain/zero/1.0/,background
91181,Suicidity,http://creativecommons.org/publicdomain/zero/1.0/,background
91473,IFartInUrGeneralDirection,http://creativecommons.org/licenses/by/3.0/,background
91480,skynproduction,http://creativecommons.org/publicdomain/zero/1.0/,background
91607,Suicidity,http://creativecommons.org/publicdomain/zero/1.0/,background
91610,Suicidity,http://creativecommons.org/publicdomain/zero/1.0/,background
91617,Suicidity,http://creativecommons.org/publicdomain/zero/1.0/,background
91793,zinzan_101,http://creativecommons.org/publicdomain/zero/1.0/,background
91859,sandyrb,http://creativecommons.org/licenses/by/3.0/,background
91900,redarkside,http://creativecommons.org/publicdomain/zero/1.0/,background
91981,jontahontas,http://creativecommons.org/publicdomain/zero/1.0/,background
92019,FatLane,http://creativecommons.org/licenses/by/3.0/,glass_breaking
92074,sandyrb,http://creativecommons.org/licenses/by/3.0/,background
92260,sandyrb,http://creativecommons.org/licenses/by/3.0/,background
92271,sandyrb,http://creativecommons.org/licenses/by/3.0/,background
92376,sandyrb,http://creativecommons.org/licenses/by/3.0/,background
92389,sandyrb,http://creativecommons.org/licenses/by/3.0/,background
92395,sandyrb,http://creativecommons.org/licenses/by/3.0/,background
92396,sandyrb,http://creativecommons.org/licenses/by/3.0/,background
92400,sandyrb,http://creativecommons.org/licenses/by/3.0/,background
9262,WIM,http://creativecommons.org/licenses/by/3.0/,background
92642,CGEffex,http://creativecommons.org/licenses/by/3.0/,glass_breaking
92643,CGEffex,http://creativecommons.org/licenses/by/3.0/,glass_breaking
92644,CGEffex,http://creativecommons.org/licenses/by/3.0/,glass_breaking
92857,IFartInUrGeneralDirection,http://creativecommons.org/licenses/by/3.0/,background
92861,IFartInUrGeneralDirection,http://creativecommons.org/licenses/by/3.0/,background
92863,IFartInUrGeneralDirection,http://creativecommons.org/licenses/by/3.0/,background
93010,CosmicD,http://creativecommons.org/licenses/by/3.0/,background
93165,sandyrb,http://creativecommons.org/licenses/by/3.0/,background
93364,Corsica_S,http://creativecommons.org/licenses/by/3.0/,background
93646,Benboncan,http://creativecommons.org/licenses/by/3.0/,doorbell
93700,Corsica_S,http://creativecommons.org/licenses/by/3.0/,background
93738,ptrckd,http://creativecommons.org/publicdomain/zero/1.0/,background
93865,SteveG2008,http://creativecommons.org/licenses/by/3.0/,background
93874,SteveG2008,http://creativecommons.org/licenses/by/3.0/,background
93876,SteveG2008,http://creativecommons.org/licenses/by/3.0/,background
93880,SteveG2008,http://creativecommons.org/licenses/by/3.0/,background
93964,CGEffex,http://creativecommons.org/licenses/by/3.0/,glass_breaking
94314,Corsica_S,http://creativecommons.org/licenses/by/3.0/,background
94315,Corsica_S,http://creativecommons.org/licenses/by/3.0/,background
94367,Ryding,http://creativecommons.org/publicdomain/zero/1.0/,background
94682,rfhache,http://creativecommons.org/licenses/by/3.0/,background
94824,bigjoedrummer,http://creativecommons.org/publicdomain/zero/1.0/,background
95017,IFartInUrGeneralDirection,http://creativecommons.org/licenses/by/3.0/,background
95078,sandyrb,http://creativecommons.org/licenses/by/3.0/,glass_breaking
9542,thanvannispen,http://creativecommons.org/licenses/by/3.0/,background
95675,Corsica_S,http://creativecommons.org/licenses/by/3.0/,background
95722,elankford,http://creativecommons.org/licenses/by/3.0/,background
95739,makemebad,http://creativecommons.org/publicdomain/zero/1.0/,background
95797,Corsica_S,http://creativecommons.org/licenses/by/3.0/,background
95817,dobroide,http://creativecommons.org/licenses/by/3.0/,background
96096,stamperadam,http://creativecommons.org/publicdomain/zero/1.0/,background
96104,stamperadam,http://creativecommons.org/publicdomain/zero/1.0/,background
96106,stamperadam,http://creativecommons.org/publicdomain/zero/1.0/,background
96543,Corsica_S,http://creativecommons.org/licenses/by/3.0/,background
96557,gunnbladez,http://creativecommons.org/licenses/by/3.0/,background
96561,gunnbladez,http://creativecommons.org/licenses/by/3.0/,background
96597,RoninMastaFX,http://creativecommons.org/licenses/by/3.0/,background
9665,thanvannispen,http://creativecommons.org/licenses/by/3.0/,background
96652,Kyster,http://creativecommons.org/licenses/by/3.0/,background
97509,egolessdub,http://creativecommons.org/publicdomain/zero/1.0/,background
97514,egolessdub,http://creativecommons.org/publicdomain/zero/1.0/,background
97580,egolessdub,http://creativecommons.org/publicdomain/zero/1.0/,background
98003,sonoplastico,http://creativecommons.org/licenses/by/3.0/,background
98383,The Baron,http://creativecommons.org/licenses/by/3.0/,background
98994,gunnbladez,http://creativecommons.org/licenses/by/3.0/,background
99082,csengeri,http://creativecommons.org/licenses/by/3.0/,background
99262,soundbytez,http://creativecommons.org/licenses/by/3.0/,background
99630,tec studios,http://creativecommons.org/publicdomain/zero/1.0/,background
99719,menegass,http://creativecommons.org/publicdomain/zero/1.0/,background
99723,menegass,http://creativecommons.org/publicdomain/zero/1.0/,background
9982,batchku,http://creativecommons.org/publicdomain/zero/1.0/,background
99841,menegass,http://creativecommons.org/publicdomain/zero/1.0/,background
99843,menegass,http://creativecommons.org/publicdomain/zero/1.0/,background
99860,menegass,http://creativecommons.org/publicdomain/zero/1.0/,background
9997,batchku,http://creativecommons.org/publicdomain/zero/1.0/,background
donate-a-cry,Donate-a-Cry contributors,https://opendatacommons.org/licenses/odbl/1-0/,baby_crying
